ID,first_name,last_name,email,gender,ip_address,ints
1,Ruben,Allbut,rallbut0@sun.com,Genderfluid,90.236.150.13,6160
2,Crystie,Maleham,cmaleham1@gizmodo.com,Bigender,76.72.74.4,8340
3,Rossie,Ruvel,rruvel2@scribd.com,Non-binary,229.0.60.74,38
4,Jelene,McCahill,jmccahill3@jalbum.net,Polygender,207.234.150.111,5608
5,Richy,Djokovic,rdjokovic4@pbs.org,Female,80.250.153.10,4202
6,Marybeth,Belz,mbelz5@addtoany.com,Bigender,14.126.45.30,1135
7,Edgardo,Goodall,egoodall6@washington.edu,Male,101.228.144.124,260
8,Gris,Daye,gdaye7@soundcloud.com,Non-binary,150.210.233.96,1042
9,Liv,Villa,lvilla8@goo.gl,Genderqueer,207.249.98.81,3151
10,Yolane,Yegorshin,yyegorshin9@mit.edu,Polygender,115.159.165.49,1295
11,Jennie,Huett,jhuetta@drupal.org,Polygender,7.29.125.192,8970
12,Arny,Gooke,agookeb@squarespace.com,Agender,178.216.184.94,8862
13,Dione,Dobbie,ddobbiec@ftc.gov,Polygender,95.194.38.115,9692
14,Orelia,Braune,obrauned@ovh.net,Non-binary,152.108.244.229,7023
15,Konstantin,McEniry,kmcenirye@weebly.com,Male,127.155.5.187,5339
16,Linnie,Feldstern,lfeldsternf@nyu.edu,Genderqueer,97.232.41.73,994
17,Roosevelt,Galtone,rgaltoneg@dailymail.co.uk,Female,155.228.70.149,4996
18,Yardley,Sleigh,ysleighh@github.com,Female,62.58.61.172,6014
19,Griffy,Lanceter,glanceteri@bloglovin.com,Bigender,85.50.161.126,6860
20,Torrence,Beartup,tbeartupj@pbs.org,Bigender,84.4.250.179,2860
21,Estelle,Millbank,emillbankk@cnbc.com,Female,128.238.34.230,4894
22,Lyon,Ninnoli,lninnolil@jigsy.com,Bigender,161.46.172.176,8937
23,Devin,Eastridge,deastridgem@amazon.com,Genderfluid,219.103.109.222,2469
24,Goldi,Lemme,glemmen@shop-pro.jp,Bigender,152.3.184.136,3203
25,Nananne,Gatheridge,ngatheridgeo@disqus.com,Female,31.173.125.36,4089
26,Pearce,Gue,pguep@comcast.net,Male,0.27.76.241,5598
27,Shaylyn,Figgins,sfigginsq@pinterest.com,Agender,44.67.136.23,5264
28,Oralle,Lamers,olamersr@meetup.com,Genderfluid,48.77.115.68,6419
29,Shamus,Faunch,sfaunchs@furl.net,Genderfluid,174.196.196.160,6236
30,Daniele,Berth,dbertht@mit.edu,Agender,52.113.87.150,1265
31,Gwenneth,Pebworth,gpebworthu@walmart.com,Bigender,155.93.149.253,7476
32,Brandais,McGeechan,bmcgeechanv@smugmug.com,Female,150.210.178.121,3536
33,Lelah,Farre,lfarrew@themeforest.net,Genderfluid,246.30.23.22,2355
34,Jake,Pryn,jprynx@amazon.com,Non-binary,158.214.235.209,5325
35,Ambur,Dursley,adursleyy@multiply.com,Non-binary,98.208.208.139,476
36,Gar,Blackden,gblackdenz@ftc.gov,Genderfluid,168.251.228.47,8591
37,Alyce,Dragge,adragge10@comcast.net,Genderqueer,62.106.67.215,5151
38,Klemens,Cabedo,kcabedo11@ehow.com,Agender,233.99.129.187,5830
39,Carter,Dreghorn,cdreghorn12@java.com,Bigender,38.54.158.146,5973
40,Didi,Struther,dstruther13@themeforest.net,Genderfluid,204.165.177.189,7236
41,Moe,Heningham,mheningham14@ftc.gov,Female,114.90.168.227,1586
42,Tanitansy,Byk,tbyk15@opensource.org,Female,117.199.140.120,672
43,Guillermo,Alven,galven16@blogtalkradio.com,Polygender,203.94.86.163,9865
44,Loydie,Grigorkin,lgrigorkin17@mtv.com,Male,113.75.181.219,2500
45,Hurleigh,Franz,hfranz18@google.ca,Female,21.194.186.152,4815
46,Friedrick,Autrie,fautrie19@xrea.com,Male,195.99.249.194,3320
47,Byram,Pietz,bpietz1a@ezinearticles.com,Genderqueer,167.145.61.4,5550
48,Salem,Coolson,scoolson1b@ft.com,Polygender,227.22.240.112,3999
49,Mozes,Mantram,mmantram1c@tripadvisor.com,Female,124.17.9.240,1204
50,Else,Gosart,egosart1d@oakley.com,Male,167.177.222.67,733
51,Verine,Ryan,vryan1e@seesaa.net,Genderqueer,62.247.56.162,5045
52,Tammy,Wohler,twohler1f@columbia.edu,Genderqueer,75.249.128.21,7065
53,Antonie,Ricart,aricart1g@xing.com,Genderqueer,190.53.198.47,3917
54,Jerrome,Gilardoni,jgilardoni1h@google.com.au,Female,228.228.39.134,8217
55,Glyn,Ortmann,gortmann1i@posterous.com,Bigender,209.232.206.126,7727
56,Amalie,MacPhail,amacphail1j@hud.gov,Genderqueer,151.7.48.248,5858
57,Wandie,Sherbrook,wsherbrook1k@topsy.com,Female,49.72.155.84,761
58,Ambrosio,Hyde,ahyde1l@skype.com,Female,206.161.88.185,5618
59,Rawley,Gann,rgann1m@bloomberg.com,Agender,97.190.84.219,8291
60,Leicester,Schusterl,lschusterl1n@admin.ch,Male,201.5.73.56,1113
61,Berne,Portugal,bportugal1o@intel.com,Agender,201.57.90.117,2562
62,Faith,Palomba,fpalomba1p@hibu.com,Agender,53.137.145.137,2072
63,Amelie,Zieme,azieme1q@deliciousdays.com,Genderqueer,197.94.7.99,5646
64,Corrina,Pyrke,cpyrke1r@miibeian.gov.cn,Polygender,11.253.56.175,3790
65,Tera,Jeanesson,tjeanesson1s@wunderground.com,Bigender,227.33.164.88,4629
66,Agneta,Reck,areck1t@example.com,Agender,233.100.161.189,9114
67,Kaspar,Ranson,kranson1u@goodreads.com,Female,146.173.190.4,6407
68,Verina,Wealleans,vwealleans1v@cnet.com,Polygender,103.49.229.61,1250
69,Kleon,Tant,ktant1w@answers.com,Male,57.123.52.177,8820
70,Whitney,Orrum,worrum1x@indiegogo.com,Bigender,227.156.92.66,6145
71,Bartholemy,Chazette,bchazette1y@prlog.org,Female,175.223.223.131,6621
72,Idaline,Hugh,ihugh1z@sitemeter.com,Agender,248.88.3.233,7523
73,Hoyt,Handford,hhandford20@yale.edu,Agender,198.114.192.21,528
74,Nancee,Manderson,nmanderson21@woothemes.com,Male,53.148.246.29,2837
75,Orin,Gary,ogary22@discuz.net,Female,214.29.230.181,8618
76,Nathalie,Gellier,ngellier23@washington.edu,Polygender,125.162.233.164,3691
77,Timmie,Mence,tmence24@opera.com,Non-binary,139.144.89.80,8264
78,Benedict,Guttridge,bguttridge25@washington.edu,Non-binary,102.255.181.176,8839
79,Helene,Belfitt,hbelfitt26@adobe.com,Female,87.76.203.56,3942
80,Lynna,Rowan,lrowan27@microsoft.com,Female,66.42.118.246,5407
81,Larissa,Thomasson,lthomasson28@sitemeter.com,Polygender,219.21.40.21,68
82,Audi,Isson,aisson29@google.it,Non-binary,252.37.205.92,355
83,Hillier,Northridge,hnorthridge2a@nih.gov,Non-binary,6.187.136.73,8470
84,Zulema,Ledrun,zledrun2b@sitemeter.com,Bigender,92.175.5.233,3057
85,Trent,Spurr,tspurr2c@blogspot.com,Female,132.137.104.89,3773
86,Cirstoforo,Tolman,ctolman2d@tuttocitta.it,Bigender,247.149.108.147,112
87,Nollie,Ware,nware2e@pen.io,Genderfluid,109.183.12.139,2093
88,Ahmed,Newell,anewell2f@gmpg.org,Polygender,81.232.92.117,8851
89,Joline,Linde,jlinde2g@barnesandnoble.com,Agender,24.124.120.145,7413
90,Arty,Canizares,acanizares2h@cafepress.com,Agender,147.9.28.60,5150
91,Aubrette,Nobriga,anobriga2i@oaic.gov.au,Genderqueer,179.111.172.38,7173
92,Vivien,Doust,vdoust2j@umich.edu,Female,151.228.246.82,8132
93,Dee dee,Wooder,dwooder2k@free.fr,Non-binary,153.58.85.187,9434
94,Sax,O'Lochan,solochan2l@geocities.jp,Non-binary,93.9.191.213,8053
95,Leonie,McAlester,lmcalester2m@mapquest.com,Agender,246.156.207.4,5782
96,Ulrike,Clines,uclines2n@w3.org,Polygender,34.236.142.30,5975
97,Nicolis,Parmer,nparmer2o@patch.com,Genderfluid,82.76.159.105,3660
98,Aldrich,Maunder,amaunder2p@netscape.com,Agender,48.166.204.126,1291
99,Izak,Ousby,iousby2q@a8.net,Genderqueer,63.245.94.128,6886
100,Carling,Newhouse,cnewhouse2r@amazon.com,Agender,167.239.96.182,4309
101,Charmain,Hendrickx,chendrickx2s@nba.com,Non-binary,196.91.158.116,85
102,Ainsley,Popple,apopple2t@bandcamp.com,Genderqueer,239.51.92.232,3653
103,Clemmy,Povall,cpovall2u@qq.com,Agender,2.117.49.173,6170
104,Chrisse,Pawelek,cpawelek2v@columbia.edu,Non-binary,143.131.2.150,5603
105,Eben,Baldacchino,ebaldacchino2w@earthlink.net,Female,61.97.37.14,4319
106,Mercie,Avard,mavard2x@gizmodo.com,Male,22.211.71.70,8075
107,Reider,Scotchmoor,rscotchmoor2y@mapy.cz,Genderfluid,59.149.246.251,5790
108,Caty,Dobell,cdobell2z@e-recht24.de,Polygender,197.96.63.210,4043
109,Jobina,Plomer,jplomer30@nytimes.com,Polygender,248.181.158.138,7796
110,Dosi,Mallatratt,dmallatratt31@sphinn.com,Genderqueer,247.144.187.135,2530
111,Corella,Georgeau,cgeorgeau32@wired.com,Bigender,55.62.12.99,7404
112,Noe,Ruspine,nruspine33@360.cn,Polygender,177.240.58.203,850
113,Lorne,Zamorano,lzamorano34@shop-pro.jp,Male,27.91.200.26,3963
114,Maurie,Thurman,mthurman35@squarespace.com,Non-binary,150.78.8.204,4035
115,Joann,Upton,jupton36@privacy.gov.au,Male,66.74.26.169,1690
116,Rodolfo,Guice,rguice37@hc360.com,Female,94.0.202.100,286
117,Carmelita,Westphal,cwestphal38@slideshare.net,Genderfluid,130.1.44.78,8619
118,Hertha,Di Antonio,hdiantonio39@bizjournals.com,Genderfluid,165.120.23.183,8805
119,Eveleen,Maddie,emaddie3a@rakuten.co.jp,Non-binary,14.60.135.12,9071
120,Yoshi,Regelous,yregelous3b@elegantthemes.com,Non-binary,233.32.169.56,4367
121,Slade,Rosiello,srosiello3c@webnode.com,Agender,244.23.1.245,3681
122,Cristin,Monckman,cmonckman3d@ihg.com,Non-binary,230.123.12.217,2732
123,Garrek,Faiers,gfaiers3e@mit.edu,Genderqueer,153.101.248.6,5540
124,Merilyn,Ody,mody3f@networksolutions.com,Male,254.1.165.195,9
125,Terese,Baistow,tbaistow3g@php.net,Male,12.2.240.248,4742
126,Rochelle,Hinkensen,rhinkensen3h@imdb.com,Genderqueer,8.137.200.47,4679
127,Jenica,Garton,jgarton3i@youtu.be,Genderqueer,54.253.24.90,4814
128,Jock,Desseine,jdesseine3j@wix.com,Genderqueer,5.221.211.112,3141
129,Schuyler,Cudworth,scudworth3k@cnbc.com,Agender,140.147.85.237,7559
130,Angelico,Caress,acaress3l@noaa.gov,Genderqueer,50.56.88.96,9330
131,Aindrea,Bartholomaus,abartholomaus3m@deviantart.com,Polygender,147.133.45.152,5692
132,Raymund,Jaffra,rjaffra3n@purevolume.com,Female,248.151.89.134,9458
133,Zachary,Eyckelbeck,zeyckelbeck3o@zimbio.com,Genderfluid,213.171.166.188,9368
134,Shanta,Giacobbo,sgiacobbo3p@wsj.com,Polygender,199.2.57.183,7255
135,Claire,Test,ctest3q@livejournal.com,Genderfluid,118.241.18.91,1522
136,Margeaux,Ledstone,mledstone3r@chicagotribune.com,Agender,0.135.32.226,1113
137,Kippy,Ritchie,kritchie3s@unc.edu,Non-binary,181.47.130.201,1271
138,Arlene,Matuszynski,amatuszynski3t@skype.com,Polygender,247.97.55.144,4952
139,Pascal,Simonson,psimonson3u@nih.gov,Polygender,111.145.37.60,9920
140,Veradis,Measen,vmeasen3v@si.edu,Polygender,78.44.61.247,9663
141,Meryl,Shorthill,mshorthill3w@people.com.cn,Male,187.135.48.31,4987
142,Tedie,O'Gavin,togavin3x@ucoz.com,Agender,25.130.42.24,8619
143,Mab,Sheering,msheering3y@oakley.com,Male,32.117.61.133,4268
144,Ros,Woodfield,rwoodfield3z@dion.ne.jp,Agender,110.50.32.128,5249
145,Joshia,Drews,jdrews40@state.tx.us,Genderfluid,110.161.243.169,756
146,Netty,Mayor,nmayor41@hostgator.com,Female,117.67.81.194,3715
147,Cherish,Burril,cburril42@t.co,Non-binary,62.104.45.67,2973
148,Corey,Biddlecombe,cbiddlecombe43@soup.io,Genderqueer,75.94.88.0,9426
149,Loree,Cruxton,lcruxton44@dropbox.com,Genderqueer,68.109.195.55,1329
150,Hewet,Ricart,hricart45@angelfire.com,Genderfluid,166.88.245.147,7216
151,Georgetta,Victory,gvictory46@sourceforge.net,Bigender,105.200.166.10,1529
152,Nata,Basnall,nbasnall47@themeforest.net,Non-binary,155.205.132.194,629
153,Bendite,Chidzoy,bchidzoy48@twitpic.com,Male,237.158.128.109,9738
154,Cheston,Woodyear,cwoodyear49@cmu.edu,Agender,184.121.134.131,1484
155,Dyane,Adshed,dadshed4a@netlog.com,Bigender,120.35.19.231,5754
156,Sanders,MacSween,smacsween4b@comsenz.com,Female,170.190.250.121,6429
157,Shea,Blesing,sblesing4c@google.ca,Genderqueer,82.79.55.142,3883
158,Twila,Benoiton,tbenoiton4d@skype.com,Bigender,191.200.7.44,1009
159,Sapphira,Bircher,sbircher4e@slate.com,Non-binary,85.226.86.61,8593
160,Theo,Cocksedge,tcocksedge4f@cnbc.com,Non-binary,9.176.219.52,5743
161,Nonie,Tavinor,ntavinor4g@nyu.edu,Polygender,66.123.139.107,3321
162,Sullivan,Miche,smiche4h@aol.com,Bigender,9.30.154.255,359
163,Faye,Battman,fbattman4i@discovery.com,Non-binary,74.250.44.8,7584
164,Ailsun,Joe,ajoe4j@whitehouse.gov,Genderqueer,87.74.200.46,503
165,Annnora,Fussen,afussen4k@vimeo.com,Agender,29.14.175.101,1359
166,Johnath,Feldstein,jfeldstein4l@newsvine.com,Polygender,103.13.230.221,6865
167,Nye,Elington,nelington4m@cbsnews.com,Bigender,34.36.203.246,9136
168,Sibella,Dirr,sdirr4n@amazon.com,Non-binary,136.188.135.69,1412
169,Wilow,Gallier,wgallier4o@nsw.gov.au,Polygender,187.143.245.218,5408
170,Sheree,Douberday,sdouberday4p@businessinsider.com,Male,77.146.36.44,8388
171,Joel,Gorden,jgorden4q@cnn.com,Male,224.33.150.231,4581
172,Carmita,Wilkisson,cwilkisson4r@cornell.edu,Bigender,73.117.5.136,5321
173,Debera,Elloit,delloit4s@printfriendly.com,Agender,23.141.177.106,604
174,Magda,Dowdam,mdowdam4t@deviantart.com,Polygender,157.25.134.33,6167
175,Claiborn,Cochet,ccochet4u@alexa.com,Bigender,77.0.74.31,8022
176,Ottilie,Gollin,ogollin4v@imgur.com,Bigender,191.47.8.14,815
177,Jaime,Trinbey,jtrinbey4w@cnn.com,Male,195.154.12.158,6286
178,Amalee,O'Dea,aodea4x@europa.eu,Genderfluid,202.173.184.103,3285
179,Brena,Dillon,bdillon4y@paginegialle.it,Genderfluid,87.214.6.171,353
180,Niall,Zorener,nzorener4z@alibaba.com,Bigender,192.85.143.10,7166
181,Lorri,Fairlamb,lfairlamb50@bloomberg.com,Bigender,0.104.72.197,2989
182,Gregoor,Blazewicz,gblazewicz51@google.nl,Genderqueer,247.114.195.233,4505
183,Nana,Flag,nflag52@auda.org.au,Bigender,129.155.153.224,2069
184,Lia,Cardenoso,lcardenoso53@360.cn,Agender,201.180.14.6,6300
185,Mollie,Borrington,mborrington54@spotify.com,Genderqueer,230.72.203.16,173
186,Sherlocke,Baume,sbaume55@wordpress.com,Genderqueer,170.253.128.30,2229
187,Jacenta,McGeoch,jmcgeoch56@fastcompany.com,Female,210.190.32.221,2117
188,Nancey,Lodwick,nlodwick57@illinois.edu,Genderqueer,254.234.149.76,419
189,Salomone,Pauletti,spauletti58@shutterfly.com,Female,17.199.59.35,1718
190,Dore,Kneeland,dkneeland59@jimdo.com,Non-binary,243.136.7.156,9493
191,Monah,Gartery,mgartery5a@technorati.com,Non-binary,150.217.29.247,2010
192,Brockie,De Robertis,bderobertis5b@technorati.com,Genderqueer,97.208.180.100,3272
193,Sileas,Brokenshire,sbrokenshire5c@theglobeandmail.com,Genderqueer,132.145.158.52,4736
194,Hazel,Calladine,hcalladine5d@guardian.co.uk,Polygender,95.184.117.1,1587
195,Adriena,Daftor,adaftor5e@cbsnews.com,Non-binary,180.101.165.136,7427
196,Ollie,Gioani,ogioani5f@state.gov,Genderqueer,165.252.27.171,8742
197,Emmalyn,Gawthrope,egawthrope5g@mayoclinic.com,Bigender,125.190.192.16,6386
198,Aldous,Quigg,aquigg5h@dropbox.com,Genderfluid,63.72.110.53,5281
199,Germayne,Coey,gcoey5i@nationalgeographic.com,Agender,255.56.196.154,5962
200,Berri,Browse,bbrowse5j@hibu.com,Genderfluid,51.69.176.146,4648
201,Tomi,Cannavan,tcannavan5k@go.com,Genderqueer,49.27.95.82,1297
202,Christophorus,Garrad,cgarrad5l@webeden.co.uk,Genderfluid,40.239.56.101,1097
203,Sammie,McKain,smckain5m@goo.ne.jp,Genderfluid,241.242.152.12,2411
204,Halley,Tamlett,htamlett5n@globo.com,Bigender,28.76.167.184,3047
205,Saxon,Hatchette,shatchette5o@examiner.com,Genderfluid,52.176.96.173,940
206,Sallyanne,Ciobotaru,sciobotaru5p@amazonaws.com,Non-binary,232.10.124.194,9409
207,Gay,Sholl,gsholl5q@wp.com,Non-binary,5.188.68.174,1846
208,Jo,Rymmer,jrymmer5r@google.nl,Polygender,244.35.139.196,1582
209,Reine,Jensen,rjensen5s@qq.com,Female,151.113.97.150,2355
210,Cordie,McKirdy,cmckirdy5t@spiegel.de,Agender,22.82.230.61,3567
211,Nikkie,Wrassell,nwrassell5u@1688.com,Genderfluid,3.80.112.31,995
212,Bethany,Salvadori,bsalvadori5v@hud.gov,Genderfluid,42.55.28.204,9040
213,Aharon,Tanby,atanby5w@home.pl,Bigender,178.79.245.184,4535
214,Remington,Leeke,rleeke5x@is.gd,Genderfluid,246.241.46.244,2860
215,Tybie,Valenta,tvalenta5y@opera.com,Male,15.47.240.132,7604
216,Justine,Stanislaw,jstanislaw5z@acquirethisname.com,Non-binary,74.60.138.245,5793
217,Lavinie,Blay,lblay60@macromedia.com,Non-binary,62.76.105.158,4023
218,Tuck,Meth,tmeth61@feedburner.com,Bigender,24.243.176.157,2223
219,Eliza,Mawditt,emawditt62@narod.ru,Genderfluid,222.216.23.215,7606
220,Marylinda,Iddens,middens63@drupal.org,Female,90.144.107.40,8602
221,Leonard,Bullick,lbullick64@harvard.edu,Bigender,25.253.239.176,5849
222,Gusti,Pavkovic,gpavkovic65@dot.gov,Agender,197.106.15.16,1942
223,Hinda,Gildea,hgildea66@tuttocitta.it,Male,69.48.217.234,4872
224,Justina,Cotterell,jcotterell67@elpais.com,Agender,182.53.42.69,7891
225,Isabel,de Castelain,idecastelain68@guardian.co.uk,Female,204.140.19.137,3425
226,Lynett,Gotts,lgotts69@livejournal.com,Genderqueer,191.50.174.212,9492
227,Daisi,Mawditt,dmawditt6a@statcounter.com,Female,132.125.95.178,5506
228,Shandra,Johl,sjohl6b@paginegialle.it,Agender,165.6.109.124,9261
229,Chastity,Chesshyre,cchesshyre6c@hao123.com,Female,21.58.186.104,6617
230,Zacharia,Peschet,zpeschet6d@seattletimes.com,Genderqueer,164.233.204.10,8071
231,Guglielma,Tabord,gtabord6e@yellowbook.com,Genderqueer,165.143.50.16,3992
232,Ike,Tremolieres,itremolieres6f@tinypic.com,Bigender,12.86.218.154,1102
233,Rosalind,McLaughlin,rmclaughlin6g@deviantart.com,Bigender,69.231.222.130,8230
234,Alic,Churchman,achurchman6h@yolasite.com,Polygender,38.161.147.33,1241
235,Jeannine,Jenk,jjenk6i@yellowbook.com,Genderqueer,225.234.1.87,4169
236,Charin,Parris,cparris6j@e-recht24.de,Non-binary,213.171.76.154,5564
237,Kynthia,O' Liddy,koliddy6k@addtoany.com,Bigender,138.191.245.245,147
238,Vallie,Pailin,vpailin6l@jimdo.com,Male,249.155.251.80,113
239,Nathan,Hoyer,nhoyer6m@reverbnation.com,Female,49.54.14.20,4717
240,Kristine,Purviss,kpurviss6n@mac.com,Genderfluid,50.140.211.221,9367
241,Vinny,Dilgarno,vdilgarno6o@hibu.com,Female,109.215.66.77,7177
242,Deeanne,Rapa,drapa6p@github.io,Genderfluid,123.63.137.223,848
243,Ellerey,Dann,edann6q@discuz.net,Non-binary,206.61.217.230,5397
244,Marshal,Paulot,mpaulot6r@angelfire.com,Male,159.73.132.78,6895
245,Lotte,Vedyashkin,lvedyashkin6s@acquirethisname.com,Male,114.38.19.209,2648
246,Clarita,Eyton,ceyton6t@nature.com,Male,253.137.126.210,2767
247,Pippo,Biddulph,pbiddulph6u@jimdo.com,Male,100.158.214.27,7678
248,Diarmid,McLoney,dmcloney6v@sogou.com,Genderqueer,39.203.78.166,4126
249,Margot,Thistleton,mthistleton6w@nytimes.com,Bigender,242.179.70.185,9080
250,Cyril,Wildin,cwildin6x@delicious.com,Bigender,22.241.224.128,8210
251,Josephina,Filasov,jfilasov6y@vkontakte.ru,Male,63.207.201.169,6373
252,Javier,Oxteby,joxteby6z@taobao.com,Bigender,97.121.92.127,3112
253,Amitie,Maskall,amaskall70@engadget.com,Non-binary,206.124.21.150,5376
254,Tab,Breinl,tbreinl71@kickstarter.com,Agender,145.35.226.4,7879
255,Beret,Georgins,bgeorgins72@over-blog.com,Male,10.200.17.163,4894
256,Lonna,Wharton,lwharton73@washingtonpost.com,Non-binary,73.131.100.146,7888
257,Lanita,Bundock,lbundock74@cmu.edu,Female,244.42.18.162,4753
258,Dyane,Thornborrow,dthornborrow75@virginia.edu,Bigender,212.115.216.21,3434
259,Cleon,Tother,ctother76@1688.com,Agender,225.153.53.114,7155
260,Leland,Tubridy,ltubridy77@lycos.com,Non-binary,165.187.21.227,5885
261,Jay,Proppers,jproppers78@shareasale.com,Agender,48.90.85.74,60
262,Earvin,Ferrarin,eferrarin79@washingtonpost.com,Genderfluid,15.21.122.143,7832
263,Christopher,Gurr,cgurr7a@vk.com,Male,153.76.208.122,673
264,Jed,Ollerhad,jollerhad7b@unesco.org,Bigender,34.110.106.203,9210
265,Rebbecca,Beamiss,rbeamiss7c@gravatar.com,Genderfluid,59.145.157.191,4488
266,Margalit,Shardlow,mshardlow7d@google.com.au,Genderqueer,185.210.211.244,8858
267,Daphene,Rotlauf,drotlauf7e@bluehost.com,Agender,217.39.190.99,9495
268,Angie,Keggin,akeggin7f@hibu.com,Bigender,183.19.92.151,2983
269,Leela,Tyler,ltyler7g@techcrunch.com,Agender,114.40.18.125,9138
270,Cathee,Engley,cengley7h@latimes.com,Bigender,185.40.169.210,2784
271,Hilda,Dickie,hdickie7i@who.int,Genderqueer,152.226.2.34,3645
272,Jan,Jacks,jjacks7j@reddit.com,Genderqueer,158.11.11.153,589
273,Tore,Corker,tcorker7k@senate.gov,Agender,215.124.92.118,5019
274,Rodolphe,Veracruysse,rveracruysse7l@tuttocitta.it,Agender,8.6.208.14,635
275,Bridgette,Haworth,bhaworth7m@webeden.co.uk,Male,162.80.95.77,8412
276,Nicholle,Whitwham,nwhitwham7n@netvibes.com,Non-binary,244.59.168.54,2460
277,Elisa,Matzl,ematzl7o@flickr.com,Bigender,25.19.240.56,2399
278,Hercule,Muncaster,hmuncaster7p@altervista.org,Non-binary,72.251.7.34,8582
279,Jules,Begent,jbegent7q@parallels.com,Bigender,143.8.73.25,9822
280,Malchy,Hazeldene,mhazeldene7r@surveymonkey.com,Female,243.14.248.134,2733
281,Trefor,Sallows,tsallows7s@zimbio.com,Agender,5.45.43.30,3691
282,Tristam,Rowell,trowell7t@admin.ch,Male,197.53.31.94,6422
283,Mycah,Records,mrecords7u@topsy.com,Genderqueer,13.54.80.43,3458
284,Edsel,Eliaz,eeliaz7v@g.co,Bigender,200.39.98.145,7911
285,Markus,Camel,mcamel7w@blogtalkradio.com,Non-binary,162.56.172.32,9790
286,Cassi,Loughney,cloughney7x@zimbio.com,Polygender,59.175.119.75,2338
287,Jojo,Deacock,jdeacock7y@topsy.com,Non-binary,252.111.207.112,3753
288,Glen,Trout,gtrout7z@ebay.com,Genderfluid,203.154.28.61,2979
289,Goldarina,Ravenscraft,gravenscraft80@columbia.edu,Female,36.170.13.251,2814
290,Celene,Lias,clias81@amazon.co.uk,Polygender,8.152.79.62,5140
291,Deane,Bertelet,dbertelet82@oaic.gov.au,Bigender,29.198.227.254,6992
292,Suzi,Whitter,swhitter83@mlb.com,Non-binary,9.231.83.3,8937
293,Delano,Burbudge,dburbudge84@noaa.gov,Female,61.172.244.163,1686
294,Emalee,Shenton,eshenton85@sbwire.com,Female,0.243.198.157,6117
295,Carmella,Mattheissen,cmattheissen86@devhub.com,Agender,212.166.232.208,5226
296,Claiborne,Rubinowitsch,crubinowitsch87@shutterfly.com,Agender,194.50.147.187,4429
297,Rubina,Liddall,rliddall88@myspace.com,Non-binary,129.135.176.133,8859
298,Culley,Larciere,clarciere89@ox.ac.uk,Agender,158.204.249.219,8789
299,Zebadiah,Rowcliffe,zrowcliffe8a@google.de,Female,76.163.23.37,8251
300,Kellen,Broadberry,kbroadberry8b@moonfruit.com,Polygender,121.143.97.69,8206
301,Wake,Ivel,wivel8c@princeton.edu,Genderfluid,49.104.162.115,4733
302,Dewitt,Edlin,dedlin8d@clickbank.net,Genderqueer,37.16.191.175,1573
303,Nance,Ayre,nayre8e@mac.com,Male,230.58.94.78,765
304,Eolande,Pride,epride8f@desdev.cn,Bigender,5.206.14.243,2699
305,Ephrem,Houdhury,ehoudhury8g@nationalgeographic.com,Non-binary,122.99.28.18,4251
306,Gavan,Hedworth,ghedworth8h@buzzfeed.com,Polygender,37.233.173.49,4303
307,Michale,Coopman,mcoopman8i@amazon.de,Polygender,74.149.93.204,5448
308,Esmeralda,Illes,eilles8j@hubpages.com,Male,234.13.166.99,2560
309,Diane-marie,Boycott,dboycott8k@hostgator.com,Male,211.154.169.166,7862
310,Paulita,Eland,peland8l@state.gov,Male,116.96.10.109,4475
311,Dedie,Middlewick,dmiddlewick8m@smugmug.com,Polygender,66.162.133.224,3984
312,Pearl,Bonnaire,pbonnaire8n@etsy.com,Genderqueer,203.24.151.134,9524
313,Nicolais,Hayhow,nhayhow8o@meetup.com,Agender,156.228.50.119,1286
314,Filippo,Eallis,feallis8p@phoca.cz,Bigender,98.222.61.134,1181
315,Arly,Harley,aharley8q@slashdot.org,Polygender,91.93.49.69,7881
316,Nelia,Hinkens,nhinkens8r@livejournal.com,Non-binary,101.228.161.90,1207
317,Nollie,Dictus,ndictus8s@surveymonkey.com,Non-binary,177.248.178.16,6208
318,Oriana,Muscroft,omuscroft8t@blinklist.com,Genderfluid,194.242.127.111,6156
319,Callie,Orts,corts8u@theguardian.com,Genderfluid,16.135.233.39,1904
320,Lane,Connell,lconnell8v@earthlink.net,Male,96.97.236.192,5672
321,Lenna,Reeves,lreeves8w@moonfruit.com,Female,23.215.5.81,9874
322,Bertrando,Fearnyhough,bfearnyhough8x@abc.net.au,Polygender,117.253.176.132,9249
323,Sheri,Kurton,skurton8y@uiuc.edu,Agender,52.248.233.27,8814
324,Calvin,Warratt,cwarratt8z@delicious.com,Non-binary,228.151.189.0,4018
325,Rosella,Rawstron,rrawstron90@soundcloud.com,Polygender,61.74.227.243,3378
326,Greg,Mynett,gmynett91@addthis.com,Polygender,55.197.184.126,7080
327,Riley,Shackesby,rshackesby92@ycombinator.com,Non-binary,239.201.174.31,6924
328,Shirley,Scourge,sscourge93@ehow.com,Male,240.69.54.129,5729
329,Raphaela,Strete,rstrete94@tiny.cc,Male,128.121.10.155,2553
330,Siobhan,Marxsen,smarxsen95@naver.com,Bigender,77.54.103.202,6545
331,Norris,Lidden,nlidden96@360.cn,Genderqueer,188.217.14.124,3480
332,Blythe,McKeurtan,bmckeurtan97@imageshack.us,Genderqueer,50.68.23.196,528
333,Gottfried,Jambrozek,gjambrozek98@weather.com,Genderfluid,231.92.73.211,4785
334,Drake,Bellamy,dbellamy99@harvard.edu,Agender,252.194.207.185,6094
335,Codie,Maynard,cmaynard9a@xrea.com,Female,128.9.140.80,4818
336,Bab,Goodered,bgoodered9b@vk.com,Genderfluid,165.220.168.186,4284
337,Adah,Ferrick,aferrick9c@mashable.com,Non-binary,159.217.205.99,3159
338,Johnnie,Bednell,jbednell9d@bbc.co.uk,Agender,30.142.160.4,6926
339,Rodge,Emerton,remerton9e@mtv.com,Genderqueer,188.54.9.213,5575
340,Dagny,Sauvan,dsauvan9f@samsung.com,Genderqueer,103.169.40.131,7193
341,Bram,Rubenov,brubenov9g@angelfire.com,Male,108.62.84.84,9670
342,Belle,Chisnell,bchisnell9h@sfgate.com,Male,112.29.120.15,2047
343,Ardisj,Seger,aseger9i@nih.gov,Non-binary,169.107.222.50,4063
344,Otes,Ingerfield,oingerfield9j@phoca.cz,Male,239.11.59.150,9631
345,Honey,Argontt,hargontt9k@shop-pro.jp,Genderqueer,58.72.173.52,1206
346,Annabal,Selby,aselby9l@guardian.co.uk,Genderfluid,193.5.242.209,3907
347,Dacey,Magner,dmagner9m@eepurl.com,Genderqueer,99.8.3.44,7089
348,Sashenka,Coode,scoode9n@google.fr,Genderqueer,200.117.169.39,2612
349,Hedvige,Isitt,hisitt9o@cam.ac.uk,Genderfluid,34.74.218.66,7166
350,Marabel,Lowrance,mlowrance9p@bandcamp.com,Non-binary,127.174.14.252,6142
351,Shaine,Harrold,sharrold9q@state.tx.us,Genderqueer,138.20.124.47,4176
352,Fiona,Redhead,fredhead9r@studiopress.com,Female,179.7.200.64,3904
353,Skell,Aleavy,saleavy9s@google.nl,Male,202.246.50.68,1759
354,Laughton,Salzburg,lsalzburg9t@diigo.com,Agender,176.97.72.1,6000
355,Joice,Ricardot,jricardot9u@marriott.com,Agender,48.214.246.84,6772
356,Torrin,Covotto,tcovotto9v@hugedomains.com,Bigender,66.51.247.197,644
357,Latisha,Phair,lphair9w@chron.com,Bigender,87.10.22.136,2845
358,Alexina,Springle,aspringle9x@jugem.jp,Agender,174.193.117.181,7163
359,Ailee,Walsh,awalsh9y@soundcloud.com,Genderqueer,86.37.254.4,1324
360,Ham,Tomaszewski,htomaszewski9z@dion.ne.jp,Non-binary,147.232.59.187,3774
361,Ase,Pentin,apentina0@pagesperso-orange.fr,Genderfluid,36.130.107.113,3074
362,Justina,Kegan,jkegana1@mozilla.org,Polygender,81.165.107.65,9174
363,Stephi,Binder,sbindera2@buzzfeed.com,Genderfluid,46.209.98.92,2676
364,Ambur,Andreas,aandreasa3@who.int,Agender,14.207.101.101,6773
365,Maurene,Pennington,mpenningtona4@ask.com,Agender,37.100.99.56,1451
366,Cathee,Beese,cbeesea5@huffingtonpost.com,Genderfluid,249.219.129.19,7561
367,Helge,Gladding,hgladdinga6@goodreads.com,Genderfluid,137.8.155.189,7106
368,Aurlie,Rendle,arendlea7@discovery.com,Genderfluid,155.184.62.74,3649
369,Locke,Bartalucci,lbartaluccia8@liveinternet.ru,Male,239.44.193.21,2118
370,Audy,Pauluzzi,apauluzzia9@sourceforge.net,Male,192.165.108.187,9626
371,Sara,Weightman,sweightmanaa@soundcloud.com,Polygender,51.88.241.143,1032
372,Sidney,Komorowski,skomorowskiab@ucsd.edu,Genderfluid,79.181.213.40,1212
373,Stanislas,Mc-Kerley,smckerleyac@cdc.gov,Genderfluid,131.217.230.159,6582
374,Wain,Mirando,wmirandoad@spiegel.de,Genderfluid,130.244.121.193,2175
375,Katalin,Usborn,kusbornae@seesaa.net,Agender,128.153.138.97,5407
376,Avictor,Scramage,ascramageaf@ted.com,Genderfluid,139.18.26.106,9558
377,Kelby,Layhe,klayheag@ihg.com,Bigender,125.176.209.166,251
378,Ricoriki,Giacubo,rgiacuboah@amazonaws.com,Bigender,64.236.97.177,5418
379,Baudoin,Ginie,bginieai@barnesandnoble.com,Male,66.101.228.112,1450
380,Charis,Arrol,carrolaj@4shared.com,Female,26.6.253.176,6312
381,Alvinia,Serot,aserotak@hud.gov,Male,115.85.159.235,5194
382,Kippy,Papen,kpapenal@who.int,Genderfluid,83.25.57.129,1321
383,Orson,Purkis,opurkisam@wired.com,Agender,123.99.248.193,570
384,Estrella,Yerrill,eyerrillan@sogou.com,Genderqueer,17.55.2.77,6976
385,Nathanael,Masters,nmastersao@mlb.com,Bigender,23.141.86.172,6904
386,Demott,Enocksson,denockssonap@imageshack.us,Genderfluid,23.143.25.200,1577
387,Krystyna,Grimshaw,kgrimshawaq@feedburner.com,Polygender,253.79.167.136,6844
388,Denny,Bullerwell,dbullerwellar@infoseek.co.jp,Female,200.213.142.219,8360
389,Yolane,Gardiner,ygardineras@pinterest.com,Polygender,183.171.161.224,3016
390,Myrtle,Eastment,meastmentat@liveinternet.ru,Bigender,213.229.123.22,3040
391,Lewiss,Abby,labbyau@globo.com,Non-binary,22.32.125.143,528
392,Khalil,Leng,klengav@cocolog-nifty.com,Bigender,105.218.131.135,9528
393,Roley,Truwert,rtruwertaw@hugedomains.com,Polygender,192.17.135.128,5420
394,Karlotta,Cadamy,kcadamyax@hostgator.com,Non-binary,170.144.23.247,5948
395,Lin,Normington,lnormingtonay@npr.org,Male,123.55.217.70,4097
396,Garvey,Lowdwell,glowdwellaz@wix.com,Polygender,245.222.12.2,269
397,Justen,Sheppard,jsheppardb0@blog.com,Polygender,61.93.100.209,561
398,Claus,MacMoyer,cmacmoyerb1@deviantart.com,Genderfluid,223.132.32.123,6263
399,Horacio,Maylin,hmaylinb2@wikia.com,Genderfluid,120.203.196.165,2222
400,Alonzo,Rosenstein,arosensteinb3@homestead.com,Agender,90.205.153.52,3948
401,Quincey,Sleight,qsleightb4@linkedin.com,Female,37.150.73.39,1436
402,Blane,Scutt,bscuttb5@newyorker.com,Non-binary,90.92.188.129,675
403,Drake,Lithcow,dlithcowb6@patch.com,Male,78.212.104.119,2484
404,Chase,Brithman,cbrithmanb7@geocities.jp,Male,156.149.226.64,7661
405,Mirabella,Sedgemond,msedgemondb8@msu.edu,Agender,220.2.66.14,8939
406,Dasi,Fogel,dfogelb9@reference.com,Bigender,195.121.243.15,8470
407,Eamon,Gashion,egashionba@livejournal.com,Non-binary,16.192.232.125,2630
408,Marcile,Sans,msansbb@pagesperso-orange.fr,Bigender,235.29.126.212,7699
409,Kim,Dello,kdellobc@apache.org,Polygender,178.234.25.40,4212
410,Neile,Scarborough,nscarboroughbd@springer.com,Genderqueer,45.142.43.39,6780
411,Jordanna,Bissill,jbissillbe@tumblr.com,Male,127.74.167.111,8550
412,Florie,Reinhardt,freinhardtbf@amazon.co.uk,Genderqueer,33.208.156.48,4660
413,Vittorio,O'Calleran,vocalleranbg@alibaba.com,Male,69.54.208.119,7969
414,Emalia,Springer,espringerbh@spiegel.de,Agender,105.132.209.114,9935
415,Arabela,Ceci,acecibi@cisco.com,Male,153.22.214.210,554
416,Gelya,Fourman,gfourmanbj@feedburner.com,Male,206.31.76.239,3847
417,Marcella,Charkham,mcharkhambk@vinaora.com,Genderqueer,189.52.209.99,768
418,Avril,Dove,adovebl@delicious.com,Female,163.173.79.145,7301
419,Myrwyn,Champkin,mchampkinbm@blogspot.com,Female,232.134.199.254,9678
420,Dona,Bryceson,dbrycesonbn@harvard.edu,Bigender,222.213.227.124,9305
421,Noell,Glavis,nglavisbo@apple.com,Polygender,48.22.211.50,9758
422,Lonee,Pendall,lpendallbp@tmall.com,Bigender,248.19.140.221,3012
423,Benton,Morehall,bmorehallbq@digg.com,Agender,133.118.16.150,8827
424,Gaye,Fanning,gfanningbr@oakley.com,Genderfluid,221.142.252.120,4758
425,Arnold,Toomer,atoomerbs@miibeian.gov.cn,Male,35.220.8.190,8448
426,Duff,Heikkinen,dheikkinenbt@wufoo.com,Genderqueer,187.14.251.74,3848
427,Melany,Ladds,mladdsbu@smh.com.au,Female,223.230.111.167,7363
428,Culley,Golden of Ireland,cgoldenofirelandbv@cisco.com,Male,246.247.144.204,5625
429,Corbett,Gurys,cgurysbw@qq.com,Non-binary,202.111.94.88,9044
430,Clemmie,Woodcroft,cwoodcroftbx@slate.com,Female,215.242.32.56,9773
431,Agnella,Gilhouley,agilhouleyby@google.co.uk,Bigender,95.168.196.109,1341
432,Loleta,Brookshaw,lbrookshawbz@networksolutions.com,Bigender,228.134.140.9,4996
433,Drucie,Biggam,dbiggamc0@indiatimes.com,Male,58.9.176.228,5399
434,Alwyn,Calver,acalverc1@over-blog.com,Genderfluid,65.204.102.104,9426
435,Vivien,Bocking,vbockingc2@statcounter.com,Male,108.128.169.5,3186
436,Brandy,Reiner,breinerc3@over-blog.com,Male,242.240.213.242,6133
437,Timothy,Ford,tfordc4@sina.com.cn,Agender,255.255.141.214,2844
438,Ashlen,Crumpton,acrumptonc5@topsy.com,Bigender,92.181.92.69,4356
439,Jasmine,Spraging,jspragingc6@dot.gov,Agender,199.156.107.57,5928
440,Cosmo,Gearty,cgeartyc7@odnoklassniki.ru,Genderfluid,184.236.167.220,223
441,Vittoria,Antat,vantatc8@wikipedia.org,Genderfluid,182.4.128.202,4834
442,Horton,Giddings,hgiddingsc9@opensource.org,Genderfluid,170.13.57.232,592
443,Conan,Border,cborderca@bandcamp.com,Genderfluid,82.172.32.104,6604
444,Adams,Harkus,aharkuscb@cnn.com,Agender,50.163.81.178,2232
445,Minne,Tolmie,mtolmiecc@is.gd,Genderfluid,253.106.90.26,3192
446,Ebeneser,Sweetzer,esweetzercd@quantcast.com,Genderqueer,231.85.174.34,5707
447,Evelina,Wearden,eweardence@angelfire.com,Non-binary,48.189.192.229,3798
448,Dorolice,MacArthur,dmacarthurcf@google.pl,Genderqueer,86.16.145.185,4879
449,Leisha,Tidmarsh,ltidmarshcg@lycos.com,Female,166.196.114.92,3113
450,Alida,Bleibaum,ableibaumch@blogs.com,Agender,192.72.121.118,9883
451,Sterling,Fesby,sfesbyci@sourceforge.net,Polygender,112.64.68.129,6268
452,Milton,Philcox,mphilcoxcj@rambler.ru,Bigender,77.168.163.38,8937
453,Ruby,Granger,rgrangerck@bizjournals.com,Agender,79.162.93.93,4678
454,Vivianna,Tonn,vtonncl@hao123.com,Male,220.188.231.49,6147
455,Aurore,Shilleto,ashilletocm@slate.com,Male,122.236.133.3,7590
456,Dru,Malins,dmalinscn@engadget.com,Genderqueer,24.184.11.230,6880
457,Franzen,Franies,ffraniesco@latimes.com,Agender,75.105.195.62,4887
458,Oswald,Castiglioni,ocastiglionicp@list-manage.com,Agender,103.47.52.255,9874
459,Jacob,Synke,jsynkecq@homestead.com,Polygender,202.211.5.75,8395
460,Amos,Cansdell,acansdellcr@state.gov,Bigender,6.42.223.148,4778
461,Jerrine,Heberden,jheberdencs@aboutads.info,Genderfluid,210.124.12.161,6228
462,Duky,Roelofs,droelofsct@photobucket.com,Agender,141.108.224.44,5760
463,Gretel,Pardue,gparduecu@e-recht24.de,Genderqueer,133.187.231.120,8812
464,Leroy,O' Culligan,loculligancv@arstechnica.com,Non-binary,62.38.4.139,7093
465,Allene,Clemett,aclemettcw@dell.com,Polygender,242.127.184.95,3237
466,Adiana,McPhee,amcpheecx@digg.com,Non-binary,27.71.135.105,1405
467,Terry,Cawdery,tcawderycy@over-blog.com,Genderfluid,173.144.116.199,3261
468,Haydon,Merrgan,hmerrgancz@lycos.com,Non-binary,208.163.66.107,8382
469,Andrea,Walewicz,awalewiczd0@ovh.net,Non-binary,210.28.55.36,3733
470,Gerrilee,Rieger,griegerd1@tripod.com,Non-binary,5.33.186.29,5537
471,Maren,Azemar,mazemard2@skyrock.com,Female,14.255.29.88,5661
472,Violette,Casol,vcasold3@mlb.com,Male,21.5.170.45,6669
473,Kellen,Tyres,ktyresd4@timesonline.co.uk,Genderqueer,152.185.73.154,6897
474,Ingemar,Gentile,igentiled5@admin.ch,Genderfluid,35.151.140.32,3856
475,Portia,Malyon,pmalyond6@youtube.com,Genderfluid,182.134.154.162,2871
476,Nickola,Aspenlon,naspenlond7@wiley.com,Bigender,89.71.163.199,7687
477,Filmer,Wickson,fwicksond8@mtv.com,Male,134.81.44.130,9340
478,Christos,Leveritt,cleverittd9@drupal.org,Non-binary,211.196.105.181,5007
479,Mikol,Romer,mromerda@privacy.gov.au,Genderfluid,98.101.212.98,9826
480,Sarette,Hinsche,shinschedb@cbsnews.com,Agender,186.49.21.32,4064
481,Robbi,Minette,rminettedc@patch.com,Female,190.222.27.93,1285
482,Liz,Tindle,ltindledd@prweb.com,Agender,43.125.14.116,9566
483,Ilka,Reveley,ireveleyde@technorati.com,Non-binary,236.58.73.217,3088
484,Pooh,Darridon,pdarridondf@latimes.com,Non-binary,186.146.136.43,3216
485,Else,Giamelli,egiamellidg@blogspot.com,Male,105.106.126.57,1953
486,Marilee,Finlaison,mfinlaisondh@twitter.com,Genderfluid,61.221.36.46,5854
487,Mandel,Egerton,megertondi@wunderground.com,Genderfluid,81.67.235.120,4350
488,Adan,Westmarland,awestmarlanddj@moonfruit.com,Female,148.158.239.176,7635
489,Aluin,Caldera,acalderadk@constantcontact.com,Agender,7.53.41.107,7618
490,Hilde,Birdfield,hbirdfielddl@google.ca,Male,75.76.191.129,7558
491,Rolland,Meineking,rmeinekingdm@ca.gov,Bigender,7.255.109.173,5381
492,Welby,Christene,wchristenedn@jugem.jp,Bigender,172.30.19.77,5661
493,Salomone,Cockell,scockelldo@senate.gov,Male,112.175.158.140,3059
494,Hilliary,Lynes,hlynesdp@zimbio.com,Genderfluid,200.48.122.102,5682
495,Terrye,Hunsworth,thunsworthdq@edublogs.org,Bigender,87.49.82.145,8956
496,Bernadine,Belf,bbelfdr@mit.edu,Male,103.90.46.211,4840
497,Adriaens,Casale,acasaleds@nbcnews.com,Bigender,156.223.243.174,3461
498,Ernestine,Cosgrave,ecosgravedt@list-manage.com,Non-binary,90.17.43.109,4626
499,Sindee,Ranking,srankingdu@soundcloud.com,Bigender,205.160.179.219,1409
500,Friedrick,Mucillo,fmucillodv@oaic.gov.au,Bigender,108.37.81.10,491
501,Riordan,Tierny,rtiernydw@cafepress.com,Genderqueer,245.11.176.67,3966
502,Marlee,Nulty,mnultydx@comsenz.com,Genderqueer,238.180.76.1,9880
503,Justinn,Heugle,jheugledy@vimeo.com,Bigender,242.130.53.29,9490
504,Celle,Dutton,cduttondz@reuters.com,Male,43.156.144.98,38
505,Kippy,Damant,kdamante0@com.com,Bigender,223.191.205.35,4050
506,Rory,Cossom,rcossome1@photobucket.com,Non-binary,55.47.120.202,3942
507,Irena,Goundrill,igoundrille2@mediafire.com,Bigender,187.55.16.242,3146
508,Hanan,Castiglio,hcastiglioe3@slideshare.net,Male,230.103.21.203,9954
509,Jesselyn,Cuningham,jcuninghame4@hibu.com,Non-binary,155.116.206.8,479
510,Elaina,Pointer,epointere5@drupal.org,Male,0.10.188.242,9590
511,Erskine,Francello,efrancelloe6@howstuffworks.com,Polygender,8.4.2.183,4943
512,Hercules,Malthus,hmalthuse7@photobucket.com,Polygender,169.113.42.150,1839
513,Wilie,Camis,wcamise8@live.com,Agender,29.253.252.191,1720
514,Obie,Tudball,otudballe9@reddit.com,Bigender,76.47.205.46,47
515,Vincents,Skarr,vskarrea@cocolog-nifty.com,Agender,110.105.237.8,3609
516,Ginger,Morrilly,gmorrillyeb@feedburner.com,Male,83.133.45.44,3422
517,Barty,Lepard,blepardec@huffingtonpost.com,Genderqueer,185.206.65.202,917
518,Dotti,Hadlington,dhadlingtoned@phoca.cz,Genderqueer,79.92.136.94,5956
519,Orsola,Bucky,obuckyee@vistaprint.com,Genderfluid,94.28.148.38,4117
520,Cobby,Ivanchov,civanchovef@naver.com,Genderqueer,251.201.143.96,3175
521,Maryanne,Middlewick,mmiddlewickeg@trellian.com,Agender,93.101.18.4,4820
522,Bron,Tarrant,btarranteh@disqus.com,Polygender,123.78.210.202,3009
523,Nadya,Sinnocke,nsinnockeei@i2i.jp,Genderfluid,52.24.75.64,1528
524,Mart,Roskelley,mroskelleyej@loc.gov,Genderfluid,187.211.149.52,1865
525,Waring,Le Maitre,wlemaitreek@cnn.com,Genderqueer,52.48.209.27,5651
526,Kary,Rudsdale,krudsdaleel@stanford.edu,Polygender,17.195.33.236,8464
527,Edsel,Auger,eaugerem@phpbb.com,Genderfluid,19.100.158.61,6484
528,Berty,Rundle,brundleen@cornell.edu,Male,104.115.29.246,7976
529,Rosalind,Duhig,rduhigeo@github.com,Female,115.100.1.0,2298
530,Lianne,Abbe,labbeep@bbc.co.uk,Male,38.125.85.32,5184
531,Doralia,Cordon,dcordoneq@yellowpages.com,Female,157.147.29.185,7575
532,Valera,Habbershon,vhabbershoner@ezinearticles.com,Bigender,224.39.225.49,6791
533,Kendricks,Karadzas,kkaradzases@discuz.net,Polygender,207.61.91.39,2855
534,Saxe,Melody,smelodyet@yahoo.com,Male,84.217.21.52,3597
535,Natalina,Cartlidge,ncartlidgeeu@w3.org,Non-binary,68.14.111.216,1247
536,Helen-elizabeth,Connechy,hconnechyev@cam.ac.uk,Polygender,164.123.34.131,2588
537,Garald,Yetman,gyetmanew@google.com,Agender,90.134.32.4,2777
538,Gan,Meeks,gmeeksex@1688.com,Agender,47.197.125.250,6683
539,Ellynn,Behninck,ebehninckey@furl.net,Agender,142.39.20.167,7228
540,Fletch,Cadlock,fcadlockez@mozilla.org,Non-binary,68.218.185.71,3676
541,Mackenzie,Reihill,mreihillf0@mapquest.com,Male,30.216.200.114,8994
542,Osborn,Syplus,osyplusf1@wordpress.com,Agender,2.81.215.45,5065
543,Norrie,Cash,ncashf2@360.cn,Polygender,57.217.197.7,777
544,Rosalinda,Brookbank,rbrookbankf3@plala.or.jp,Non-binary,179.217.188.116,4873
545,Dorthy,Boxhall,dboxhallf4@google.com.au,Non-binary,182.81.49.131,6254
546,Raven,Penwarden,rpenwardenf5@livejournal.com,Female,152.56.225.134,1040
547,Candra,Bareham,cbarehamf6@telegraph.co.uk,Genderfluid,5.113.33.115,4160
548,Lana,Castagneri,lcastagnerif7@nyu.edu,Genderqueer,9.240.129.91,1825
549,Meir,Johnys,mjohnysf8@addtoany.com,Polygender,10.55.158.136,6366
550,Titos,Cutriss,tcutrissf9@ebay.com,Female,9.147.77.22,8512
551,Sumner,Towson,stowsonfa@cpanel.net,Polygender,85.73.13.9,8661
552,Alastair,Bettaney,abettaneyfb@stanford.edu,Male,154.144.159.151,4792
553,Mitzi,Clemits,mclemitsfc@friendfeed.com,Male,234.176.118.101,9578
554,Redford,Walcher,rwalcherfd@japanpost.jp,Genderfluid,10.180.7.204,4704
555,Charlotte,Seaborne,cseabornefe@businessinsider.com,Genderqueer,72.242.60.242,3638
556,Brittni,Burdess,bburdessff@hc360.com,Genderfluid,157.151.171.57,1779
557,Si,Deller,sdellerfg@marketwatch.com,Agender,218.44.196.157,5242
558,Bennie,Ewebank,bewebankfh@indiatimes.com,Genderqueer,190.251.33.1,9445
559,Gerladina,Langeren,glangerenfi@unesco.org,Genderqueer,90.229.220.51,2590
560,Malanie,Faraker,mfarakerfj@google.es,Genderfluid,146.64.115.167,4829
561,Libbie,Vonderdell,lvonderdellfk@npr.org,Male,164.131.54.30,1562
562,Gretel,Fernehough,gfernehoughfl@si.edu,Polygender,135.54.205.156,9756
563,Hyacinthie,Peperell,hpeperellfm@cocolog-nifty.com,Genderfluid,209.197.147.130,223
564,Olivette,Kierans,okieransfn@latimes.com,Non-binary,91.162.177.169,7000
565,Everett,Chowne,echownefo@ask.com,Genderqueer,76.228.217.14,5877
566,Evaleen,Flacke,eflackefp@opensource.org,Male,222.69.71.232,9002
567,Desiri,Thomason,dthomasonfq@disqus.com,Male,246.173.146.203,7149
568,Consuelo,Gounot,cgounotfr@toplist.cz,Polygender,153.113.1.100,7630
569,Fern,Aronson,faronsonfs@homestead.com,Male,125.102.131.209,5344
570,Faina,Briston,fbristonft@cam.ac.uk,Agender,225.134.180.27,6879
571,Ardine,Teal,atealfu@wikia.com,Non-binary,161.118.214.23,8395
572,Natasha,Elphee,nelpheefv@vinaora.com,Polygender,148.68.93.77,6683
573,Costanza,Galland,cgallandfw@spotify.com,Polygender,61.15.187.111,7029
574,Lory,Farnorth,lfarnorthfx@twitpic.com,Non-binary,171.164.239.153,4102
575,Hanson,Colliard,hcolliardfy@cnbc.com,Genderqueer,56.194.214.164,8474
576,Robinia,Kingswood,rkingswoodfz@sfgate.com,Male,217.185.183.118,528
577,Ginnie,Holdron,gholdrong0@elpais.com,Agender,202.218.224.181,6128
578,Simone,Farnie,sfarnieg1@psu.edu,Polygender,72.34.110.21,8020
579,Smitty,Samwayes,ssamwayesg2@globo.com,Male,23.178.83.128,60
580,Irvin,Crimp,icrimpg3@eventbrite.com,Genderfluid,184.43.193.144,2401
581,Willy,Dyerson,wdyersong4@networksolutions.com,Polygender,185.204.49.150,1104
582,Martynne,Bruhke,mbruhkeg5@sfgate.com,Agender,24.99.158.198,8532
583,Erek,Lackington,elackingtong6@accuweather.com,Male,98.57.39.142,5212
584,Ricky,Fabler,rfablerg7@quantcast.com,Genderfluid,193.141.171.180,5867
585,Will,Fernez,wfernezg8@oracle.com,Genderfluid,211.40.177.183,5954
586,Garnet,Trevna,gtrevnag9@people.com.cn,Non-binary,14.1.21.234,3154
587,Patsy,Howgate,phowgatega@t.co,Male,0.188.70.133,7647
588,Wildon,Grzeszczak,wgrzeszczakgb@xrea.com,Genderqueer,2.85.233.104,4904
589,Zachariah,Doneld,zdoneldgc@smugmug.com,Genderqueer,57.38.89.17,6909
590,Ronda,Quarles,rquarlesgd@pcworld.com,Genderqueer,45.112.53.245,8219
591,Dorolice,Takle,dtaklege@wsj.com,Bigender,241.211.26.205,4207
592,Mirelle,Finnick,mfinnickgf@soundcloud.com,Genderfluid,83.205.76.36,7755
593,Aguistin,Brugemann,abrugemanngg@sciencedirect.com,Female,85.74.229.52,7681
594,Tildy,Copyn,tcopyngh@wunderground.com,Genderfluid,202.222.142.142,1148
595,Milton,Blevin,mblevingi@netvibes.com,Genderqueer,5.180.184.118,837
596,Berty,Housley,bhousleygj@meetup.com,Male,86.50.62.45,9904
597,King,Jerrim,kjerrimgk@amazon.co.jp,Non-binary,62.125.99.63,5969
598,Wendel,Beyne,wbeynegl@hc360.com,Female,161.226.60.118,4353
599,Thomasin,Astridge,tastridgegm@w3.org,Polygender,180.98.75.227,3394
600,Patrice,Deport,pdeportgn@salon.com,Genderfluid,46.137.48.38,4224
601,Alic,Bayless,abaylessgo@archive.org,Genderfluid,10.254.123.157,9748
602,Lennard,Pratton,lprattongp@qq.com,Agender,217.166.225.47,3279
603,Rudy,Vick,rvickgq@sphinn.com,Genderfluid,72.121.116.99,6351
604,Biddy,Pattlel,bpattlelgr@google.fr,Agender,127.9.10.46,9577
605,Cesar,Coole,ccoolegs@boston.com,Male,37.54.216.194,9675
606,Dominique,Kwiek,dkwiekgt@spotify.com,Bigender,22.37.44.248,6653
607,Bowie,McCready,bmccreadygu@macromedia.com,Genderfluid,41.213.205.154,7343
608,Perl,Seiffert,pseiffertgv@blinklist.com,Male,240.95.103.32,9042
609,Freddie,Radloff,fradloffgw@blogtalkradio.com,Female,91.111.139.40,8433
610,Vivia,Hunnybun,vhunnybungx@huffingtonpost.com,Bigender,103.14.69.198,2615
611,Gregor,Yesenin,gyeseningy@jiathis.com,Genderfluid,234.107.169.211,2230
612,Karyl,Fraschetti,kfraschettigz@sciencedirect.com,Male,165.123.31.214,6546
613,Perl,Fairbrother,pfairbrotherh0@cnbc.com,Agender,40.83.147.6,8086
614,Timothea,Ponte,tponteh1@ihg.com,Bigender,51.20.131.72,5717
615,Janos,Bergen,jbergenh2@businesswire.com,Female,34.103.16.215,1591
616,Aili,Gapper,agapperh3@mayoclinic.com,Genderqueer,227.119.33.58,940
617,Verene,Riccard,vriccardh4@statcounter.com,Polygender,8.183.225.254,8396
618,Franny,Keech,fkeechh5@gmpg.org,Agender,106.57.163.72,2328
619,Glori,Perch,gperchh6@sogou.com,Genderqueer,97.242.19.93,9991
620,Saraann,Abrahamsohn,sabrahamsohnh7@webs.com,Male,186.170.249.200,3254
621,Sallee,McCole,smccoleh8@zimbio.com,Agender,83.22.42.239,2884
622,Gasparo,Akehurst,gakehursth9@tumblr.com,Male,168.27.240.162,9220
623,Wilmette,Elderkin,welderkinha@ucoz.ru,Genderqueer,55.182.222.161,9546
624,Daren,Belcher,dbelcherhb@ow.ly,Male,73.191.255.252,9063
625,Ayn,Cornelleau,acornelleauhc@google.com,Female,205.167.167.127,1083
626,Hanson,Bonafacino,hbonafacinohd@toplist.cz,Genderqueer,20.59.111.89,6432
627,Daphna,Bendle,dbendlehe@bbc.co.uk,Male,30.3.106.148,8149
628,Hercules,Siggins,hsigginshf@shop-pro.jp,Female,193.76.21.232,6533
629,Anna,Tenney,atenneyhg@1688.com,Female,79.135.11.130,3180
630,Isis,Surman-Wells,isurmanwellshh@cargocollective.com,Genderqueer,179.45.159.198,777
631,Brook,Hawkes,bhawkeshi@eepurl.com,Genderqueer,233.217.244.82,8015
632,Cathee,Swalteridge,cswalteridgehj@wiley.com,Genderfluid,228.166.248.179,3702
633,Jamaal,Jansson,jjanssonhk@tmall.com,Bigender,3.80.238.197,2738
634,Dierdre,Crosi,dcrosihl@oracle.com,Female,167.10.162.55,3118
635,Darryl,Cresar,dcresarhm@ted.com,Genderqueer,127.160.57.130,2153
636,Pamela,Seers,pseershn@goo.ne.jp,Bigender,46.59.169.19,1242
637,Dionysus,Romeo,dromeoho@photobucket.com,Female,53.48.65.185,2015
638,Leticia,Kolakovic,lkolakovichp@nyu.edu,Bigender,253.69.193.184,1789
639,Helga,Start,hstarthq@bbb.org,Bigender,62.148.104.19,4948
640,Eugine,Melross,emelrosshr@ucoz.ru,Polygender,130.188.90.125,9171
641,Clo,Warrior,cwarriorhs@google.ru,Non-binary,141.245.205.215,1055
642,Edy,Campes,ecampesht@fotki.com,Bigender,77.184.107.113,4043
643,Purcell,Gumm,pgummhu@addthis.com,Genderqueer,16.132.165.122,638
644,Tami,Paolinelli,tpaolinellihv@telegraph.co.uk,Non-binary,141.183.168.83,7
645,Raleigh,Hamments,rhammentshw@go.com,Polygender,203.4.203.132,8705
646,Margarette,Ickovici,mickovicihx@cocolog-nifty.com,Genderqueer,25.67.107.216,7331
647,Case,McKerley,cmckerleyhy@intel.com,Agender,89.97.195.183,4014
648,Lonee,Walne,lwalnehz@amazon.com,Female,243.193.120.164,5549
649,Kristen,Guierre,kguierrei0@odnoklassniki.ru,Genderfluid,28.243.235.89,8232
650,Raynor,Schroter,rschroteri1@is.gd,Genderqueer,57.197.136.185,1286
651,Ogden,Guidotti,oguidottii2@google.it,Agender,178.163.49.42,7836
652,Saxe,Gaine of England,sgaineofenglandi3@kickstarter.com,Agender,87.35.100.164,5307
653,Vevay,Bodell,vbodelli4@symantec.com,Genderqueer,126.93.61.56,3481
654,Ailina,Cadle,acadlei5@shareasale.com,Genderqueer,125.9.35.162,9636
655,Sascha,Davie,sdaviei6@gov.uk,Non-binary,14.219.0.239,3766
656,Godart,Pead,gpeadi7@walmart.com,Female,226.142.119.171,2178
657,Faye,Capelin,fcapelini8@ow.ly,Polygender,139.108.30.155,3590
658,Eb,Gilardengo,egilardengoi9@free.fr,Agender,116.188.223.34,8149
659,Davina,Dymidowicz,ddymidowiczia@bandcamp.com,Non-binary,107.122.216.109,2934
660,Pennie,Bevan,pbevanib@webmd.com,Polygender,218.99.195.203,1557
661,Willey,Dober,wdoberic@japanpost.jp,Male,5.71.218.204,1987
662,Ora,Pirolini,opiroliniid@virginia.edu,Bigender,155.22.137.197,9411
663,Nickolai,McSorley,nmcsorleyie@cornell.edu,Agender,207.217.191.176,3233
664,Alexio,Chesnut,achesnutif@va.gov,Male,197.145.199.233,6528
665,Berky,Copperwaite,bcopperwaiteig@fastcompany.com,Genderqueer,70.238.159.117,1455
666,Eldridge,Kettle,ekettleih@tinyurl.com,Bigender,129.85.188.2,7887
667,Gerek,MacGarvey,gmacgarveyii@newyorker.com,Polygender,143.147.0.167,7978
668,Hyacinthia,Pregal,hpregalij@ask.com,Polygender,202.245.77.124,7575
669,Aleen,MacIlhagga,amacilhaggaik@t-online.de,Non-binary,47.23.29.0,9217
670,Hans,Lawlings,hlawlingsil@va.gov,Non-binary,22.186.235.131,8174
671,Misha,Kubacek,mkubacekim@earthlink.net,Male,253.143.136.85,7227
672,Paulita,Tavner,ptavnerin@technorati.com,Bigender,212.15.73.23,9079
673,Gerek,Popeley,gpopeleyio@instagram.com,Non-binary,133.235.150.85,6179
674,Guinna,Breitling,gbreitlingip@domainmarket.com,Agender,32.94.249.25,2026
675,Lisle,Armiger,larmigeriq@oakley.com,Female,3.30.8.220,5369
676,Nert,Gerrelt,ngerreltir@unblog.fr,Agender,178.53.26.244,6608
677,Maritsa,McCole,mmccoleis@webs.com,Female,66.158.200.5,4982
678,Sharlene,Uff,suffit@devhub.com,Polygender,33.44.157.252,9206
679,Ruperto,Jahns,rjahnsiu@posterous.com,Bigender,161.164.91.108,1517
680,Carmine,Tipler,ctipleriv@360.cn,Agender,228.234.125.83,5090
681,Zita,Gadsden,zgadsdeniw@blogs.com,Bigender,191.47.167.88,3621
682,Sayre,Hurworth,shurworthix@shareasale.com,Genderfluid,228.3.4.195,1955
683,Eimile,Daffey,edaffeyiy@sourceforge.net,Genderfluid,64.173.27.49,6989
684,Adah,Folker,afolkeriz@51.la,Genderqueer,95.84.123.88,5898
685,Berkly,Kuhl,bkuhlj0@instagram.com,Agender,77.3.232.108,1813
686,Wain,Mackley,wmackleyj1@cafepress.com,Genderqueer,157.139.104.183,9339
687,Cathrine,Keep,ckeepj2@simplemachines.org,Genderfluid,18.204.76.76,375
688,Haslett,Swyer-Sexey,hswyersexeyj3@noaa.gov,Agender,117.237.14.49,4661
689,Kinny,Doby,kdobyj4@google.nl,Male,196.0.205.236,9047
690,Hebert,Eallis,heallisj5@wired.com,Male,129.41.161.0,51
691,Krisha,Napoli,knapolij6@bluehost.com,Genderqueer,110.232.255.110,5752
692,Ardyce,Corkill,acorkillj7@ezinearticles.com,Genderfluid,77.205.142.120,7367
693,Ado,Corzon,acorzonj8@gizmodo.com,Female,46.98.29.206,8041
694,Phip,Abrahmovici,pabrahmovicij9@ameblo.jp,Male,152.226.150.57,4630
695,Aurlie,Louiset,alouisetja@tuttocitta.it,Genderqueer,119.72.173.226,8696
696,Goldarina,Skurm,gskurmjb@parallels.com,Bigender,29.88.159.230,6368
697,Homerus,Kydd,hkyddjc@csmonitor.com,Genderfluid,34.205.25.8,1148
698,Rivi,Colebrook,rcolebrookjd@bloomberg.com,Genderqueer,58.40.59.106,2972
699,Whitby,Wetwood,wwetwoodje@sun.com,Polygender,210.141.172.66,2327
700,Josepha,Flintoft,jflintoftjf@wsj.com,Female,10.153.61.235,7554
701,Nancee,Zealey,nzealeyjg@feedburner.com,Bigender,145.176.147.72,8520
702,Gabbie,Ciementini,gciementinijh@seesaa.net,Bigender,152.255.45.77,8824
703,Ki,Dunsford,kdunsfordji@weibo.com,Genderfluid,27.224.95.150,2375
704,Tabbie,Tzar,ttzarjj@nhs.uk,Female,170.201.35.219,6761
705,Willard,Permain,wpermainjk@fastcompany.com,Male,80.34.227.61,1664
706,Garik,Walley,gwalleyjl@yelp.com,Genderfluid,14.92.92.23,448
707,Odo,Lucks,olucksjm@hatena.ne.jp,Male,216.136.217.142,8101
708,Harv,Jewers,hjewersjn@example.com,Polygender,151.119.69.174,7074
709,Garv,Kirsch,gkirschjo@columbia.edu,Genderqueer,47.191.249.55,1418
710,Hanny,Pulver,hpulverjp@ebay.co.uk,Female,50.172.221.56,3604
711,Gabie,Stitch,gstitchjq@yahoo.co.jp,Polygender,97.156.227.181,2802
712,Konstanze,Spuffard,kspuffardjr@jugem.jp,Female,105.224.173.254,6965
713,Dominic,Viollet,dviolletjs@samsung.com,Agender,63.130.214.221,2184
714,Janey,Itzcovichch,jitzcovichchjt@myspace.com,Male,171.22.181.102,8267
715,Yehudit,Van den Broek,yvandenbroekju@webs.com,Male,86.84.44.190,6227
716,Abram,De Bernardis,adebernardisjv@cloudflare.com,Polygender,19.190.203.116,502
717,Melanie,Grishmanov,mgrishmanovjw@theatlantic.com,Genderfluid,43.20.2.156,8060
718,Nolan,Tremaine,ntremainejx@sphinn.com,Bigender,56.62.132.119,2315
719,Caitlin,Gaukrodge,cgaukrodgejy@cnbc.com,Non-binary,221.79.238.41,3494
720,Torin,Yakovliv,tyakovlivjz@msn.com,Bigender,232.54.163.182,2677
721,Sophronia,Lehrmann,slehrmannk0@newyorker.com,Agender,220.14.33.221,664
722,Thornie,Capaldo,tcapaldok1@bbb.org,Genderqueer,190.39.35.179,5619
723,Georgianne,Sollam,gsollamk2@meetup.com,Genderfluid,226.119.76.252,6070
724,Glyn,Struttman,gstruttmank3@jugem.jp,Genderqueer,253.254.69.118,2383
725,Janeva,Skyram,jskyramk4@xing.com,Bigender,202.187.109.46,5666
726,Shaina,Shilstone,sshilstonek5@tiny.cc,Polygender,193.197.116.184,3674
727,Mollee,Spadelli,mspadellik6@yahoo.com,Male,25.53.69.38,1335
728,Ezekiel,Kment,ekmentk7@opera.com,Bigender,108.56.18.215,6503
729,Melisenda,Maddaford,mmaddafordk8@nifty.com,Non-binary,37.39.171.9,7875
730,Consalve,Benting,cbentingk9@mozilla.org,Male,226.30.99.83,3699
731,Krista,Rottger,krottgerka@squidoo.com,Female,194.165.31.111,4931
732,Franklyn,O'Breen,fobreenkb@amazon.de,Genderqueer,59.199.150.133,9883
733,Toiboid,Zold,tzoldkc@washingtonpost.com,Male,202.104.137.122,7783
734,Nikkie,Giraudy,ngiraudykd@nifty.com,Male,7.169.195.215,8331
735,Esmaria,Hawker,ehawkerke@biglobe.ne.jp,Genderfluid,1.82.164.236,7711
736,Gawain,Kwiek,gkwiekkf@mac.com,Genderqueer,176.162.229.81,853
737,Berkly,Buntain,bbuntainkg@nifty.com,Female,116.166.64.58,7929
738,Larisa,Stroband,lstrobandkh@nyu.edu,Male,154.82.49.128,7472
739,Bertie,Whimp,bwhimpki@lycos.com,Male,238.125.73.215,1783
740,Kerrie,Adnett,kadnettkj@eventbrite.com,Genderqueer,165.102.67.69,512
741,Matthieu,Windebank,mwindebankkk@berkeley.edu,Female,96.8.60.138,3920
742,Hayley,Tuison,htuisonkl@dot.gov,Agender,33.6.110.77,6059
743,Shoshanna,Vasquez,svasquezkm@flavors.me,Agender,114.1.229.232,8677
744,Madella,Rumsby,mrumsbykn@wikia.com,Agender,151.232.156.113,6323
745,Patricio,Sire,psireko@marketwatch.com,Polygender,111.9.137.229,2274
746,Flynn,Wondraschek,fwondraschekkp@livejournal.com,Agender,230.48.92.252,5043
747,Rip,Forsyth,rforsythkq@amazon.com,Genderfluid,177.179.255.104,5656
748,Jermaine,Cook,jcookkr@com.com,Male,89.42.186.36,4454
749,Cletus,Sinclar,csinclarks@sourceforge.net,Agender,187.46.19.23,9561
750,Niccolo,Summerskill,nsummerskillkt@over-blog.com,Non-binary,153.141.111.199,6853
751,Opal,Roseburgh,oroseburghku@squarespace.com,Bigender,12.68.1.212,8836
752,Blair,McRory,bmcrorykv@creativecommons.org,Agender,108.148.121.88,8207
753,Clarisse,Glewe,cglewekw@smh.com.au,Genderqueer,178.251.168.86,9800
754,Erik,Posen,eposenkx@arstechnica.com,Bigender,158.185.237.243,5670
755,Silvanus,Gorst,sgorstky@oracle.com,Genderqueer,254.62.190.119,8329
756,Blake,Hendricks,bhendrickskz@fema.gov,Agender,189.47.56.132,2155
757,Brita,Stedmond,bstedmondl0@mac.com,Bigender,81.167.87.244,952
758,Angeli,Chilley,achilleyl1@paypal.com,Bigender,144.72.22.172,2138
759,Silvano,Grigorini,sgrigorinil2@weather.com,Male,225.112.124.156,6135
760,Anderea,Dzenisenka,adzenisenkal3@odnoklassniki.ru,Polygender,77.180.113.77,3601
761,Hunter,Acey,haceyl4@amazon.com,Male,3.15.234.61,4062
762,Filippa,Crab,fcrabl5@oakley.com,Genderfluid,227.130.240.167,8237
763,Leena,Blint,lblintl6@deliciousdays.com,Genderfluid,240.111.211.58,4875
764,Konstanze,Rzehorz,krzehorzl7@typepad.com,Bigender,229.167.228.220,2775
765,Ravi,Amorine,ramorinel8@chronoengine.com,Polygender,206.85.72.51,3153
766,Araldo,Taggett,ataggettl9@blog.com,Agender,100.61.208.186,4775
767,Elfrieda,Jevons,ejevonsla@privacy.gov.au,Genderqueer,6.8.103.25,9682
768,Dieter,Trodd,dtroddlb@spiegel.de,Bigender,56.133.103.36,7462
769,Gerta,Heel,gheellc@wsj.com,Non-binary,236.234.214.121,9587
770,Bradan,Chattelaine,bchattelaineld@yale.edu,Agender,127.48.55.41,3835
771,Terrance,Bonwell,tbonwellle@jalbum.net,Polygender,178.45.244.123,9225
772,Reiko,Gwilt,rgwiltlf@jiathis.com,Polygender,171.159.160.225,8649
773,Tiffany,Swaton,tswatonlg@gmpg.org,Genderfluid,161.63.196.246,6154
774,Sigfried,Ranyelld,sranyelldlh@hc360.com,Genderfluid,97.152.207.117,8412
775,Dov,Luce,dluceli@is.gd,Agender,36.95.146.86,330
776,Brody,Brevetor,bbrevetorlj@free.fr,Genderqueer,160.101.155.206,6025
777,Quillan,Brydell,qbrydelllk@slideshare.net,Polygender,213.116.201.3,2000
778,Nita,Ambrogini,nambroginill@w3.org,Genderqueer,60.139.14.21,8496
779,Barrie,Magnar,bmagnarlm@amazon.com,Agender,88.125.6.137,1676
780,Michail,Vannacci,mvannacciln@auda.org.au,Agender,247.46.13.235,9912
781,Elbert,Tamlett,etamlettlo@discuz.net,Agender,228.194.40.174,3488
782,Glenna,Netherwood,gnetherwoodlp@ning.com,Genderfluid,126.113.194.211,1192
783,Vitia,Poacher,vpoacherlq@chronoengine.com,Male,233.251.92.227,3368
784,Lonnie,Givens,lgivenslr@feedburner.com,Polygender,37.215.29.24,8432
785,Jule,Ryland,jrylandls@etsy.com,Bigender,41.240.17.234,1146
786,Rolland,Colson,rcolsonlt@oaic.gov.au,Bigender,139.109.131.196,718
787,Clerc,Colam,ccolamlu@photobucket.com,Male,97.76.64.231,6509
788,Arda,Glossop,aglossoplv@ihg.com,Genderfluid,228.183.13.138,2508
789,Alicea,Sebyer,asebyerlw@fotki.com,Agender,127.28.148.204,8723
790,Sherye,Portt,sporttlx@google.com,Genderqueer,109.64.45.8,614
791,Lacie,Geaves,lgeavesly@dell.com,Polygender,204.87.246.127,8460
792,Olva,Pitcaithley,opitcaithleylz@tuttocitta.it,Polygender,99.183.32.170,3196
793,Chelsy,Oxbie,coxbiem0@state.gov,Genderfluid,199.13.190.15,4876
794,Tuesday,Dimitrescu,tdimitrescum1@nbcnews.com,Bigender,208.127.210.22,3657
795,Jessey,Templeton,jtempletonm2@exblog.jp,Genderqueer,232.197.32.251,4510
796,Rad,Temperley,rtemperleym3@amazonaws.com,Bigender,67.77.175.148,4975
797,Ileana,Dobble,idobblem4@issuu.com,Genderfluid,214.151.101.95,7347
798,Reinaldo,Eilers,reilersm5@google.com.hk,Bigender,68.129.163.33,8519
799,Vergil,Miner,vminerm6@sbwire.com,Non-binary,6.232.20.13,2726
800,Kristi,Voff,kvoffm7@tuttocitta.it,Non-binary,124.93.191.55,5444
801,Polly,Danels,pdanelsm8@slashdot.org,Female,187.168.241.112,8971
802,Kessia,Acom,kacomm9@state.tx.us,Female,40.50.203.61,3500
803,Wallas,Benley,wbenleyma@wsj.com,Genderfluid,193.223.214.243,1917
804,Lorettalorna,Helling,lhellingmb@dion.ne.jp,Agender,24.198.107.144,6920
805,Sergent,Bailiss,sbailissmc@mozilla.org,Male,130.171.25.45,3482
806,Timmie,Jameson,tjamesonmd@devhub.com,Male,44.28.226.113,10
807,Ashli,Casarino,acasarinome@home.pl,Agender,124.116.176.167,6489
808,Gerardo,Solomonides,gsolomonidesmf@qq.com,Agender,93.122.152.144,8119
809,Aline,Gagen,agagenmg@shutterfly.com,Agender,137.240.77.126,3156
810,Ashil,Poytheras,apoytherasmh@alibaba.com,Genderqueer,67.194.123.182,6481
811,Antoinette,Infantino,ainfantinomi@pagesperso-orange.fr,Female,179.75.31.33,7483
812,Bord,Shakelade,bshakelademj@nps.gov,Polygender,75.70.20.30,253
813,Judi,Grey,jgreymk@mlb.com,Genderqueer,157.113.224.198,1835
814,Tessie,Peasgood,tpeasgoodml@answers.com,Male,240.127.44.51,9493
815,Petunia,Rigler,priglermm@irs.gov,Polygender,233.94.60.84,2877
816,Gerald,Dybell,gdybellmn@accuweather.com,Polygender,173.185.22.127,765
817,Raeann,Gleeton,rgleetonmo@prweb.com,Female,75.109.107.14,1050
818,Gaspard,Mustarde,gmustardemp@usatoday.com,Polygender,175.111.19.187,8421
819,Bellanca,Kaser,bkasermq@topsy.com,Agender,244.65.10.126,9573
820,Carin,Tring,ctringmr@boston.com,Male,185.71.206.117,336
821,Nelle,Pooley,npooleyms@latimes.com,Female,77.79.136.107,3075
822,Randolph,Kennion,rkennionmt@yandex.ru,Genderfluid,255.114.9.207,3895
823,Rourke,Kinnard,rkinnardmu@nydailynews.com,Female,112.107.240.218,8406
824,Mikey,Fairbrass,mfairbrassmv@google.com.br,Non-binary,69.11.186.97,6153
825,Fairfax,Freshwater,ffreshwatermw@tuttocitta.it,Genderqueer,149.248.42.25,8672
826,Ilaire,O'dell,iodellmx@joomla.org,Male,232.94.105.203,6264
827,Lea,Wiersma,lwiersmamy@weebly.com,Genderfluid,237.60.161.249,6396
828,Reinaldos,Dikles,rdiklesmz@baidu.com,Female,1.136.74.210,9078
829,Waiter,Lage,wlagen0@linkedin.com,Bigender,23.75.68.122,1525
830,Margo,Lakin,mlakinn1@freewebs.com,Genderfluid,137.100.241.70,7725
831,Carita,Sloam,csloamn2@example.com,Polygender,130.183.36.200,4762
832,Cosimo,Simonassi,csimonassin3@sciencedirect.com,Male,184.62.50.125,9496
833,Mattie,Puzey,mpuzeyn4@bluehost.com,Non-binary,199.106.163.91,3650
834,Holmes,Leile,hleilen5@geocities.com,Non-binary,90.128.194.239,4605
835,Spenser,Godridge,sgodridgen6@cpanel.net,Female,206.30.24.246,5067
836,West,Harston,wharstonn7@dailymotion.com,Genderfluid,231.167.166.65,4386
837,Reinald,Dineges,rdinegesn8@ocn.ne.jp,Genderfluid,254.62.96.12,3390
838,Shae,Champniss,schampnissn9@telegraph.co.uk,Agender,196.147.38.180,7726
839,Paulie,Abriani,pabrianina@microsoft.com,Male,78.44.173.196,5794
840,Wallas,Barkly,wbarklynb@reference.com,Non-binary,41.88.198.170,7504
841,Sibel,Conboy,sconboync@arizona.edu,Polygender,59.80.75.99,2447
842,Grant,Eschalotte,geschalottend@msu.edu,Male,48.245.210.173,8914
843,Nelie,Dibbe,ndibbene@amazon.co.uk,Polygender,116.95.249.222,452
844,Randal,Tamburi,rtamburinf@blogger.com,Polygender,239.137.219.98,5120
845,Prentice,Elham,pelhamng@dmoz.org,Non-binary,29.165.121.166,4584
846,Carson,Cossum,ccossumnh@cmu.edu,Female,41.205.157.130,3814
847,Kacy,Morrel,kmorrelni@boston.com,Genderfluid,228.140.215.64,8106
848,Perrine,Accombe,paccombenj@dmoz.org,Bigender,54.155.196.35,1054
849,Darlleen,Shoppee,dshoppeenk@theatlantic.com,Polygender,250.234.75.167,7375
850,Corrine,Rubinovici,crubinovicinl@ted.com,Non-binary,238.144.176.17,5361
851,Dian,Embleton,dembletonnm@google.com.hk,Female,46.143.11.198,7255
852,Jethro,Goaks,jgoaksnn@admin.ch,Bigender,114.4.77.191,8677
853,Barrie,Juppe,bjuppeno@phpbb.com,Polygender,65.235.27.129,1627
854,Creigh,Kunat,ckunatnp@amazon.co.uk,Polygender,172.97.44.146,6931
855,Yale,Grattan,ygrattannq@cornell.edu,Bigender,41.230.142.98,5269
856,Anitra,Leser,alesernr@wiley.com,Bigender,142.34.211.12,9573
857,Petunia,Bitchener,pbitchenerns@4shared.com,Male,161.223.161.47,6018
858,Phebe,Jansen,pjansennt@ucsd.edu,Genderfluid,2.5.223.214,3357
859,Allan,Hugonet,ahugonetnu@ning.com,Polygender,180.22.28.18,9550
860,Remy,Rodenburgh,rrodenburghnv@princeton.edu,Genderqueer,117.27.208.245,5234
861,Gran,Kohrsen,gkohrsennw@ovh.net,Polygender,89.237.41.81,1652
862,Kendal,Burkill,kburkillnx@cisco.com,Non-binary,227.221.106.18,7575
863,Guntar,Rhead,grheadny@360.cn,Genderfluid,1.127.95.180,902
864,Joana,Pagden,jpagdennz@china.com.cn,Bigender,41.56.195.172,2699
865,Lothaire,Clandillon,lclandillono0@hubpages.com,Polygender,237.191.79.33,6109
866,Gerhardine,Offer,goffero1@soup.io,Agender,44.154.239.151,5383
867,Debera,Woolmore,dwoolmoreo2@dot.gov,Agender,214.195.10.74,6003
868,Donny,Mordey,dmordeyo3@de.vu,Genderqueer,160.22.78.32,3244
869,Roth,Casely,rcaselyo4@marriott.com,Bigender,107.44.227.198,4076
870,Annie,Gorsse,agorsseo5@barnesandnoble.com,Female,211.166.7.141,4733
871,Nobie,Butfield,nbutfieldo6@home.pl,Genderfluid,189.255.105.175,624
872,Ahmad,Wolstenholme,awolstenholmeo7@yahoo.com,Polygender,69.164.16.231,2225
873,Deane,Orsay,dorsayo8@reverbnation.com,Polygender,240.111.52.123,9416
874,Gracie,Crowley,gcrowleyo9@dedecms.com,Bigender,130.31.56.219,613
875,Alleyn,Bruckman,abruckmanoa@accuweather.com,Genderqueer,37.233.220.154,2304
876,Heidi,Latchford,hlatchfordob@hubpages.com,Agender,117.153.157.154,7763
877,Cam,Record,crecordoc@washingtonpost.com,Polygender,58.28.5.211,3370
878,Claus,Phelp,cphelpod@harvard.edu,Polygender,119.165.15.226,7239
879,Warde,Dunderdale,wdunderdaleoe@angelfire.com,Polygender,200.143.220.239,3445
880,Vanny,Hebron,vhebronof@npr.org,Polygender,15.42.97.197,9551
881,Rosemary,Strutz,rstrutzog@yellowbook.com,Agender,91.100.75.45,4449
882,Pebrook,MacKill,pmackilloh@usa.gov,Non-binary,26.180.22.38,5489
883,Catherin,Burgott,cburgottoi@china.com.cn,Genderqueer,120.180.219.203,946
884,Connie,Longfellow,clongfellowoj@washingtonpost.com,Bigender,146.165.148.43,3380
885,Alberto,Simchenko,asimchenkook@blogspot.com,Polygender,14.209.24.156,684
886,Elyn,Pezey,epezeyol@google.fr,Non-binary,131.124.130.233,1319
887,Bert,Devall,bdevallom@techcrunch.com,Genderfluid,192.229.168.16,7984
888,Tirrell,Aliman,talimanon@usgs.gov,Bigender,153.188.41.128,4661
889,Hilarius,Brislane,hbrislaneoo@51.la,Female,179.242.58.142,1411
890,Nicholle,Finnick,nfinnickop@ehow.com,Genderqueer,170.89.233.15,7189
891,Hart,Wenn,hwennoq@psu.edu,Genderfluid,134.76.0.104,5052
892,Ardis,McNamee,amcnameeor@princeton.edu,Genderfluid,158.49.147.95,1616
893,Cherise,Duberry,cduberryos@dot.gov,Genderfluid,3.187.150.52,9561
894,Boote,Lanfranchi,blanfranchiot@example.com,Polygender,207.35.197.28,1135
895,Cherri,Budd,cbuddou@cloudflare.com,Female,29.190.80.224,8127
896,Roxane,Cardenoso,rcardenosoov@abc.net.au,Non-binary,50.230.175.188,3255
897,Peadar,Scotsbrook,pscotsbrookow@seesaa.net,Genderqueer,169.199.93.120,7078
898,Jo,Breen,jbreenox@cmu.edu,Non-binary,207.57.42.183,9529
899,Reamonn,Digance,rdiganceoy@nba.com,Female,122.242.35.172,1855
900,Alaric,Christopher,achristopheroz@360.cn,Non-binary,43.64.78.6,5860
901,Rosemaria,Attew,rattewp0@indiatimes.com,Genderfluid,133.21.72.31,1713
902,Antoine,Dils,adilsp1@t.co,Genderqueer,214.93.196.83,401
903,Camille,Priscott,cpriscottp2@unesco.org,Non-binary,139.182.174.100,6654
904,Hildagard,Dibben,hdibbenp3@ucla.edu,Genderfluid,200.245.108.180,10
905,Larry,Lorent,llorentp4@tripod.com,Non-binary,238.66.244.170,9788
906,Janeen,Pendergrast,jpendergrastp5@imageshack.us,Polygender,239.11.152.199,5937
907,Melita,Judson,mjudsonp6@scientificamerican.com,Agender,167.41.105.158,9204
908,Garrick,Skynner,gskynnerp7@smugmug.com,Agender,220.83.85.44,3746
909,Bar,Kilfoyle,bkilfoylep8@goo.gl,Genderqueer,255.192.85.205,2194
910,Gillian,Ilett,gilettp9@soup.io,Bigender,226.62.247.75,1158
911,Kent,Hawson,khawsonpa@mail.ru,Agender,122.96.173.49,1118
912,Leonelle,Elderidge,lelderidgepb@nasa.gov,Agender,209.241.89.226,8998
913,Whitaker,Aharoni,waharonipc@businessinsider.com,Polygender,18.57.159.109,8631
914,Findlay,Loreit,floreitpd@unblog.fr,Female,83.17.62.101,5974
915,Flemming,d'Arcy,fdarcype@cargocollective.com,Genderqueer,57.193.176.234,2701
916,Adeline,Dawidman,adawidmanpf@moonfruit.com,Genderqueer,16.80.152.38,7620
917,Benn,Dinsell,bdinsellpg@toplist.cz,Agender,181.22.111.207,3261
918,Carmelle,Guido,cguidoph@zdnet.com,Polygender,137.209.127.76,801
919,Barri,Regan,breganpi@bigcartel.com,Female,126.170.242.73,8645
920,Willy,L'oiseau,wloiseaupj@jiathis.com,Male,177.182.133.94,1584
921,Leonard,Stitt,lstittpk@amazon.de,Polygender,193.57.85.109,258
922,Kata,Olech,kolechpl@vkontakte.ru,Female,75.30.75.111,8365
923,Eba,Trubshaw,etrubshawpm@berkeley.edu,Non-binary,122.76.156.30,8548
924,Selby,Myott,smyottpn@time.com,Bigender,128.113.146.160,7584
925,Roz,Hazelton,rhazeltonpo@google.cn,Genderfluid,66.21.171.210,1377
926,Lorilyn,Baggaley,lbaggaleypp@com.com,Polygender,215.43.174.2,6506
927,Maurise,Meegan,mmeeganpq@seattletimes.com,Genderqueer,210.185.211.117,677
928,Pegeen,Kirwood,pkirwoodpr@prweb.com,Polygender,165.132.64.108,7008
929,Kristien,Prudham,kprudhamps@apache.org,Male,2.170.189.18,9424
930,Helyn,Axon,haxonpt@chronoengine.com,Bigender,201.128.104.24,4342
931,Rutledge,Palfree,rpalfreepu@wix.com,Non-binary,230.78.113.230,4540
932,Hedi,Slott,hslottpv@psu.edu,Female,173.227.18.204,6054
933,Eden,Moffet,emoffetpw@wp.com,Female,106.150.225.146,9348
934,Dacy,Conti,dcontipx@cdbaby.com,Genderqueer,13.207.76.42,9174
935,Nerty,Arnefield,narnefieldpy@redcross.org,Agender,71.188.48.250,6492
936,Fayth,Monckman,fmonckmanpz@answers.com,Genderfluid,240.60.117.119,7388
937,Rivkah,Gleadhell,rgleadhellq0@auda.org.au,Bigender,240.117.186.140,9840
938,Cecilio,Wakeley,cwakeleyq1@pbs.org,Genderqueer,249.72.154.244,9813
939,Cody,Peirson,cpeirsonq2@nyu.edu,Genderqueer,208.156.85.181,9790
940,Christen,Merkle,cmerkleq3@soundcloud.com,Genderqueer,58.238.185.126,8201
941,Tiebold,Winchcum,twinchcumq4@independent.co.uk,Non-binary,91.224.102.4,6910
942,Noam,Wallice,nwalliceq5@ted.com,Agender,96.28.134.43,6364
943,Nicole,Cowpland,ncowplandq6@edublogs.org,Genderfluid,182.26.122.16,863
944,Mauricio,Kyncl,mkynclq7@chronoengine.com,Female,214.77.197.62,2853
945,Mallory,Starie,mstarieq8@ow.ly,Genderqueer,238.93.239.42,4803
946,Tiffany,Treadwell,ttreadwellq9@sourceforge.net,Agender,218.63.58.217,7534
947,Dalila,Lohde,dlohdeqa@ask.com,Agender,243.168.19.59,18
948,Valina,Leisman,vleismanqb@php.net,Genderfluid,21.211.163.144,5303
949,Helena,Audenis,haudenisqc@flickr.com,Genderfluid,101.32.227.240,8372
950,Adam,Cranmer,acranmerqd@yandex.ru,Agender,29.212.29.169,2130
951,Pepillo,Del Castello,pdelcastelloqe@i2i.jp,Polygender,156.207.7.207,6185
952,Bucky,Buggy,bbuggyqf@youtu.be,Female,54.248.46.253,1962
953,Truda,Pressdee,tpressdeeqg@shareasale.com,Non-binary,109.126.45.170,5466
954,Eileen,Jeremaes,ejeremaesqh@rediff.com,Polygender,164.154.79.140,3780
955,Francis,Wudeland,fwudelandqi@prlog.org,Genderfluid,117.26.35.82,8623
956,Corbett,Bellanger,cbellangerqj@sourceforge.net,Genderqueer,223.89.36.128,454
957,Nicky,Spelsbury,nspelsburyqk@friendfeed.com,Genderfluid,6.140.202.32,7455
958,Torr,Buxcy,tbuxcyql@flickr.com,Male,35.115.64.105,7459
959,Jodie,Wrettum,jwrettumqm@51.la,Male,156.201.41.45,908
960,Dorise,Dobbinson,ddobbinsonqn@sourceforge.net,Bigender,154.75.173.142,967
961,Kial,Harden,khardenqo@etsy.com,Polygender,64.161.188.79,1968
962,Jeff,Lebond,jlebondqp@va.gov,Polygender,111.171.100.219,1699
963,Grier,Slot,gslotqq@go.com,Genderqueer,145.82.78.64,9377
964,Noell,O' Mahony,nomahonyqr@biblegateway.com,Genderfluid,215.93.196.222,7884
965,Thornie,Willoughway,twilloughwayqs@livejournal.com,Non-binary,178.5.145.221,7723
966,Emerson,Serjent,eserjentqt@weather.com,Bigender,219.171.254.200,7233
967,Arvin,Formoy,aformoyqu@virginia.edu,Polygender,20.71.154.19,2220
968,Ripley,Carine,rcarineqv@dedecms.com,Bigender,140.86.67.123,6493
969,Jory,Barnet,jbarnetqw@ifeng.com,Genderqueer,29.243.190.167,2562
970,Gloriana,Burnhard,gburnhardqx@google.es,Non-binary,178.129.129.188,9084
971,Sim,Rollingson,srollingsonqy@soundcloud.com,Bigender,199.183.76.150,4576
972,Charisse,Eggleton,ceggletonqz@mtv.com,Female,82.224.15.23,2624
973,Collete,Popplewell,cpopplewellr0@github.com,Genderfluid,155.115.168.128,8385
974,Marrissa,Deerr,mdeerrr1@vinaora.com,Bigender,56.47.10.89,7373
975,Beatrice,Drohan,bdrohanr2@miibeian.gov.cn,Male,38.26.97.9,7459
976,Arlena,Clampe,aclamper3@weather.com,Non-binary,210.42.8.228,7798
977,Weber,Boutell,wboutellr4@tiny.cc,Polygender,35.190.108.167,4037
978,Kelila,Wannan,kwannanr5@latimes.com,Polygender,103.255.216.21,2930
979,Olivier,Faircliff,ofaircliffr6@yellowpages.com,Genderqueer,206.246.181.214,4283
980,Jarrid,Dillingham,jdillinghamr7@shareasale.com,Male,100.212.31.44,6212
981,Klarrisa,Fenich,kfenichr8@miibeian.gov.cn,Male,58.123.75.114,135
982,Geoffrey,Ibbott,gibbottr9@nyu.edu,Male,76.148.216.126,6936
983,Amory,Langland,alanglandra@arstechnica.com,Agender,201.75.50.85,6919
984,Gertrude,Vlasov,gvlasovrb@nationalgeographic.com,Genderqueer,34.124.41.98,8445
985,Eric,Grelak,egrelakrc@themeforest.net,Genderfluid,68.97.237.147,7209
986,Brannon,Sapauton,bsapautonrd@sogou.com,Genderfluid,86.241.217.118,4331
987,Rey,Bilt,rbiltre@shinystat.com,Agender,72.59.100.237,4730
988,Hanan,Calafato,hcalafatorf@delicious.com,Male,38.147.159.56,8670
989,Corney,Willans,cwillansrg@utexas.edu,Polygender,83.166.98.174,6799
990,Marcia,Hasely,mhaselyrh@google.ca,Genderqueer,174.152.36.23,7161
991,Sheelagh,Cacacie,scacacieri@businessweek.com,Female,65.143.106.147,3699
992,Freeland,Smorfit,fsmorfitrj@bing.com,Polygender,163.227.187.179,9053
993,Beverie,Nendick,bnendickrk@blogs.com,Female,207.44.241.151,4042
994,Brendan,Fieldgate,bfieldgaterl@about.me,Bigender,78.211.225.114,5004
995,Armando,McGaughey,amcgaugheyrm@scribd.com,Polygender,161.140.252.224,8945
996,Conrado,Martinson,cmartinsonrn@nature.com,Genderqueer,225.152.116.118,3633
997,Tonye,Compston,tcompstonro@noaa.gov,Polygender,85.83.168.188,7613
998,Jenda,Pulsford,jpulsfordrp@toplist.cz,Female,184.55.75.42,5137
999,Gerty,Dilliway,gdilliwayrq@ehow.com,Non-binary,246.181.252.203,2688
1000,Jessey,Santen,jsantenrr@163.com,Agender,201.56.189.155,6345
