entity name,first_name,last_name,email,gender,ip_address
2001,Lenci,Lukasik,llukasik0@mozilla.com,Bigender,34.73.190.124
2002,Jacquelyn,Mehew,jmehew1@time.com,Bigender,145.163.190.16
2003,Abby,Saladino,asaladino2@prnewswire.com,Agender,249.175.206.40
2004,Lynna,O'Nions,lonions3@cloudflare.com,Genderqueer,16.89.184.199
2005,Loni,Yearron,lyearron4@squidoo.com,Polygender,240.173.39.70
2006,Ludovico,Grahlmans,lgrahlmans5@printfriendly.com,Genderfluid,74.219.76.76
2007,Fallon,Pina,fpina6@devhub.com,Non-binary,49.102.243.88
2008,Shantee,Lethley,slethley7@ca.gov,Bigender,109.91.101.252
2009,Matilde,Sarl,msarl8@mashable.com,Non-binary,4.50.131.108
2010,Hildy,Swaile,hswaile9@lulu.com,Genderfluid,95.226.179.196
2011,Averyl,Bramhill,abramhilla@techcrunch.com,Female,253.9.208.104
2012,Charmion,Banisch,cbanischb@newsvine.com,Non-binary,130.192.7.29
2013,Nikolia,Atyeo,natyeoc@t-online.de,Genderqueer,53.203.174.56
2014,Rafe,Sempill,rsempilld@telegraph.co.uk,Bigender,103.73.164.10
2015,Dorthy,Philipart,dphiliparte@hhs.gov,Bigender,5.114.137.121
2016,Dael,Pionter,dpionterf@dell.com,Agender,33.102.135.87
2017,Sharity,Heald,shealdg@trellian.com,Agender,220.26.213.251
2018,Reeba,Dedmam,rdedmamh@cyberchimps.com,Bigender,130.102.211.249
2019,Skylar,Goricke,sgorickei@wunderground.com,Genderfluid,139.91.126.219
2020,Tucker,Muckian,tmuckianj@cornell.edu,Genderfluid,121.92.197.24
2021,Nannie,Blanque,nblanquek@tumblr.com,Male,37.201.36.2
2022,Jess,Stork,jstorkl@marketwatch.com,Female,139.25.218.93
2023,Henrieta,Guinane,hguinanem@scientificamerican.com,Agender,21.47.70.58
2024,Tilda,Lightwing,tlightwingn@google.ca,Genderqueer,73.109.161.234
2025,Mordy,Barensen,mbarenseno@telegraph.co.uk,Male,112.88.110.41
2026,Broderic,Thundercliffe,bthundercliffep@nasa.gov,Genderfluid,244.127.101.55
2027,Zollie,Fenkel,zfenkelq@bravesites.com,Male,68.179.14.96
2028,Zacherie,Bartholomieu,zbartholomieur@devhub.com,Agender,77.35.23.238
2029,Farly,Cosgrave,fcosgraves@phoca.cz,Non-binary,179.207.198.34
2030,Jamie,Winn,jwinnt@howstuffworks.com,Male,97.21.163.91
2031,Mamie,Meneur,mmeneuru@purevolume.com,Polygender,127.215.238.226
2032,Rafaelita,Kalisch,rkalischv@reuters.com,Bigender,21.241.149.220
2033,Lori,Seckington,lseckingtonw@symantec.com,Polygender,250.173.232.170
2034,Serge,Tulleth,stullethx@cargocollective.com,Female,29.241.222.246
2035,Delmore,Pigden,dpigdeny@howstuffworks.com,Agender,58.160.169.154
2036,Kareem,Benzie,kbenziez@go.com,Genderqueer,225.44.185.184
2037,Tony,Bullman,tbullman10@berkeley.edu,Non-binary,218.244.220.35
2038,Rossie,Harrill,rharrill11@ow.ly,Polygender,224.170.185.137
2039,Hestia,Gildersleeve,hgildersleeve12@gmpg.org,Genderfluid,20.228.115.138
2040,Giraldo,Alenichev,galenichev13@forbes.com,Genderfluid,119.201.252.81
2041,Rudolf,Fox,rfox14@buzzfeed.com,Agender,8.77.231.183
2042,Cathleen,Olivetta,colivetta15@360.cn,Non-binary,159.20.118.121
2043,Lanna,Ashbey,lashbey16@drupal.org,Male,196.117.22.89
2044,Noby,Prate,nprate17@sourceforge.net,Agender,154.242.62.66
2045,Giselle,Maudlin,gmaudlin18@weebly.com,Non-binary,154.148.180.12
2046,Saraann,Pulford,spulford19@marriott.com,Female,240.22.187.15
2047,Tobie,Boutflour,tboutflour1a@tamu.edu,Male,133.94.99.251
2048,Adelaida,Beaven,abeaven1b@telegraph.co.uk,Female,77.235.183.151
2049,Derick,Hendrikse,dhendrikse1c@symantec.com,Genderqueer,148.114.14.110
2050,Edin,Schechter,eschechter1d@geocities.com,Genderqueer,129.209.56.177
2051,Rebe,Storm,rstorm1e@live.com,Non-binary,9.199.154.41
2052,Page,Toffolini,ptoffolini1f@xing.com,Male,0.160.197.9
2053,Lura,McCrystal,lmccrystal1g@about.com,Female,16.223.189.143
2054,Rycca,O'Hare,rohare1h@creativecommons.org,Agender,70.71.42.102
2055,Cesare,Archanbault,carchanbault1i@shinystat.com,Genderqueer,192.54.229.243
2056,Dermot,Salzberger,dsalzberger1j@apple.com,Female,20.195.213.184
2057,Paxon,Frangello,pfrangello1k@shop-pro.jp,Bigender,199.75.176.97
2058,Wilhelm,Benardet,wbenardet1l@sohu.com,Male,12.21.53.229
2059,Alexis,Cowey,acowey1m@ameblo.jp,Polygender,196.87.121.202
2060,Peria,Gibbard,pgibbard1n@shop-pro.jp,Bigender,172.97.218.17
2061,Siobhan,Samson,ssamson1o@unc.edu,Bigender,35.189.134.115
2062,Kearney,Tyres,ktyres1p@blogger.com,Agender,250.42.134.29
2063,Earvin,Corkitt,ecorkitt1q@bbc.co.uk,Bigender,30.49.185.236
2064,Tessa,Bernardon,tbernardon1r@army.mil,Polygender,67.177.150.108
2065,Alberta,Paprotny,apaprotny1s@qq.com,Non-binary,190.196.128.244
2066,Lemuel,Mingard,lmingard1t@bloomberg.com,Bigender,201.109.117.170
2067,Had,Canellas,hcanellas1u@weibo.com,Male,15.97.205.180
2068,Loralyn,Trevena,ltrevena1v@comsenz.com,Male,37.176.99.70
2069,Binny,MacCaull,bmaccaull1w@omniture.com,Non-binary,49.117.137.224
2070,Cam,Webling,cwebling1x@themeforest.net,Genderfluid,254.123.65.96
2071,Michele,Tarply,mtarply1y@homestead.com,Male,148.157.236.50
2072,Lance,Chessell,lchessell1z@jiathis.com,Non-binary,180.131.45.218
2073,Lena,Bamfield,lbamfield20@who.int,Agender,89.100.211.176
2074,Horatia,Akenhead,hakenhead21@flavors.me,Non-binary,65.174.210.101
2075,Theodora,Kwietek,tkwietek22@rambler.ru,Bigender,148.87.243.250
2076,Kass,McCulloch,kmcculloch23@digg.com,Non-binary,157.19.77.163
2077,Fionnula,Westrope,fwestrope24@time.com,Genderqueer,191.115.37.124
2078,Durante,Cleminson,dcleminson25@pen.io,Agender,235.227.238.131
2079,Syd,Nix,snix26@mlb.com,Agender,63.122.165.203
2080,Ennis,Bartlomiejczyk,ebartlomiejczyk27@gov.uk,Agender,5.42.207.222
2081,Stirling,Klemenz,sklemenz28@sogou.com,Agender,184.90.112.251
2082,Carmelita,Abrahamsohn,cabrahamsohn29@timesonline.co.uk,Genderqueer,112.63.238.80
2083,Diane-marie,Gland,dgland2a@lulu.com,Genderfluid,210.189.213.177
2084,Moyna,Langfitt,mlangfitt2b@surveymonkey.com,Non-binary,150.35.144.1
2085,Randi,Salliere,rsalliere2c@chronoengine.com,Non-binary,212.186.127.225
2086,Rowland,Marchant,rmarchant2d@wikia.com,Female,50.7.5.245
2087,Aura,Smallcomb,asmallcomb2e@youtu.be,Genderqueer,151.250.55.175
2088,Barney,Sirmond,bsirmond2f@cnbc.com,Polygender,111.124.224.19
2089,Neala,Adlard,nadlard2g@businessweek.com,Female,225.155.246.159
2090,Alisander,Prangnell,aprangnell2h@ifeng.com,Genderqueer,41.20.228.142
2091,Rutherford,Gabb,rgabb2i@telegraph.co.uk,Bigender,28.151.58.183
2092,Anselm,Iori,aiori2j@is.gd,Agender,59.182.100.140
2093,Ax,McCrachen,amccrachen2k@home.pl,Genderqueer,167.101.207.203
2094,Biddy,Yakubowicz,byakubowicz2l@bloglovin.com,Genderfluid,70.169.52.225
2095,Darla,Kleinholz,dkleinholz2m@cdc.gov,Bigender,122.161.83.174
2096,Emmy,Allett,eallett2n@sogou.com,Non-binary,202.22.164.170
2097,Uriel,Hemphill,uhemphill2o@discovery.com,Genderfluid,142.110.241.186
2098,Iago,Gaymar,igaymar2p@slashdot.org,Genderqueer,97.79.191.242
2099,Ruthann,Wharin,rwharin2q@wordpress.com,Bigender,173.47.105.167
2100,Brear,Giacometti,bgiacometti2r@statcounter.com,Male,237.108.152.244
2101,Annnora,Dishmon,adishmon2s@mapy.cz,Non-binary,209.28.224.237
2102,Anabal,Sarfati,asarfati2t@so-net.ne.jp,Genderqueer,114.196.185.188
2103,Davidson,Calf,dcalf2u@google.nl,Female,14.143.76.235
2104,Emmalynne,De Domenicis,ededomenicis2v@hc360.com,Female,1.0.125.131
2105,Selene,Acres,sacres2w@yolasite.com,Male,211.159.47.192
2106,Anita,Grimes,agrimes2x@ucsd.edu,Bigender,249.41.213.9
2107,Kizzie,Yvens,kyvens2y@geocities.jp,Genderfluid,43.62.32.225
2108,Cassey,Glazier,cglazier2z@cafepress.com,Non-binary,151.49.6.243
2109,Gunner,Brixey,gbrixey30@google.ru,Bigender,104.243.55.191
2110,Wrennie,Jacombs,wjacombs31@barnesandnoble.com,Genderfluid,141.192.82.207
2111,Hunt,Courtenay,hcourtenay32@tumblr.com,Non-binary,29.86.106.143
2112,Carolyn,Woolam,cwoolam33@reverbnation.com,Male,82.155.23.85
2113,Lance,Bordis,lbordis34@taobao.com,Genderqueer,5.226.192.92
2114,Leora,Pearch,lpearch35@angelfire.com,Bigender,11.109.50.107
2115,Ophelie,Oneile,ooneile36@deviantart.com,Polygender,207.205.157.175
2116,Orrin,Scotts,oscotts37@hibu.com,Bigender,142.228.70.39
2117,Lindi,Colleymore,lcolleymore38@123-reg.co.uk,Agender,235.236.2.7
2118,Immanuel,Daftor,idaftor39@netscape.com,Agender,139.179.76.158
2119,Vladimir,Hilhouse,vhilhouse3a@behance.net,Genderfluid,110.199.66.206
2120,Rowney,Leinster,rleinster3b@usnews.com,Female,28.196.162.64
2121,Jacklin,Olenichev,jolenichev3c@dedecms.com,Genderfluid,8.35.235.100
2122,Washington,Pillman,wpillman3d@google.cn,Agender,168.139.137.214
2123,Tim,Tolefree,ttolefree3e@a8.net,Non-binary,215.131.138.52
2124,Con,Faltskog,cfaltskog3f@jugem.jp,Non-binary,88.204.174.93
2125,Jacky,Krysiak,jkrysiak3g@admin.ch,Male,217.243.8.247
2126,Leonhard,Minghetti,lminghetti3h@ucoz.ru,Male,34.159.129.97
2127,Terencio,Bernini,tbernini3i@arizona.edu,Polygender,216.29.41.209
2128,Ogden,Bilby,obilby3j@elpais.com,Bigender,6.251.3.244
2129,Carlotta,Welfare,cwelfare3k@cargocollective.com,Genderqueer,217.74.222.235
2130,Carlye,Leftley,cleftley3l@ted.com,Bigender,216.226.154.215
2131,Fedora,Stoak,fstoak3m@bizjournals.com,Bigender,131.135.61.66
2132,Rolando,Helleckas,rhelleckas3n@unblog.fr,Non-binary,0.12.14.209
2133,Clari,Willcocks,cwillcocks3o@xing.com,Male,132.142.19.82
2134,Elane,Truin,etruin3p@sciencedirect.com,Agender,216.78.34.240
2135,Melisenda,Yarranton,myarranton3q@netscape.com,Bigender,81.84.234.179
2136,Byrann,MacDearmid,bmacdearmid3r@tumblr.com,Genderfluid,235.239.204.214
2137,Pauly,Motte,pmotte3s@apache.org,Male,250.102.30.18
2138,Park,Kiffin,pkiffin3t@webeden.co.uk,Male,78.179.193.22
2139,Marwin,Bantick,mbantick3u@sina.com.cn,Agender,190.106.186.23
2140,Lotta,Grindall,lgrindall3v@mlb.com,Agender,131.90.16.76
2141,Alidia,McTrustam,amctrustam3w@posterous.com,Genderfluid,185.30.118.253
2142,Conchita,Janous,cjanous3x@geocities.jp,Genderfluid,195.190.92.120
2143,Gretel,Sargint,gsargint3y@webeden.co.uk,Polygender,183.138.215.220
2144,Cordey,Dubose,cdubose3z@usda.gov,Non-binary,87.43.15.204
2145,Bertie,Harriot,bharriot40@goo.gl,Polygender,127.27.142.255
2146,Olag,Hartness,ohartness41@php.net,Bigender,28.28.209.199
2147,Brittaney,Shugg,bshugg42@360.cn,Polygender,193.224.37.205
2148,Roshelle,McMichan,rmcmichan43@gov.uk,Bigender,86.197.110.12
2149,Andrew,Keirl,akeirl44@china.com.cn,Genderfluid,140.127.152.21
2150,Franciska,Tagg,ftagg45@blogger.com,Female,95.97.78.177
2151,Heddie,Meeus,hmeeus46@photobucket.com,Agender,23.217.99.148
2152,Yale,Semper,ysemper47@moonfruit.com,Male,106.221.162.178
2153,Andres,Hallum,ahallum48@salon.com,Genderfluid,233.189.54.54
2154,Shelba,Dietz,sdietz49@networkadvertising.org,Polygender,35.243.181.250
2155,Aurthur,Teasdale-Markie,ateasdalemarkie4a@google.it,Female,122.169.27.85
2156,Florrie,Origan,forigan4b@xing.com,Polygender,229.61.140.141
2157,Cristine,Cockhill,ccockhill4c@cornell.edu,Bigender,167.139.186.204
2158,Waly,Gwillyam,wgwillyam4d@youku.com,Genderfluid,232.215.129.246
2159,Denys,Goldhill,dgoldhill4e@spiegel.de,Female,127.104.183.200
2160,Laurent,Wedlock,lwedlock4f@sourceforge.net,Bigender,41.182.140.42
2161,Doralynn,Asel,dasel4g@booking.com,Polygender,98.78.140.65
2162,Judas,Jeal,jjeal4h@istockphoto.com,Bigender,207.83.61.162
2163,Jarid,Male,jmale4i@odnoklassniki.ru,Male,129.1.80.161
2164,Verena,Bozward,vbozward4j@msn.com,Genderfluid,31.219.221.27
2165,Marney,Blockwell,mblockwell4k@live.com,Female,55.162.138.244
2166,Kory,Norquay,knorquay4l@furl.net,Male,240.232.18.167
2167,Weidar,Winsley,wwinsley4m@uol.com.br,Genderqueer,222.49.171.214
2168,Abey,Goschalk,agoschalk4n@wisc.edu,Genderqueer,252.84.105.23
2169,Kimbell,Macauley,kmacauley4o@slideshare.net,Female,36.75.111.184
2170,Alvinia,Leggin,aleggin4p@squidoo.com,Genderfluid,72.18.253.45
2171,Carmina,Ballintime,cballintime4q@wikimedia.org,Genderfluid,98.148.130.120
2172,Corena,Formby,cformby4r@opera.com,Non-binary,52.172.30.158
2173,Harris,Sor,hsor4s@cornell.edu,Genderqueer,86.57.160.220
2174,Theresina,Ambrogi,tambrogi4t@angelfire.com,Polygender,216.206.12.242
2175,Bertrando,Burnep,bburnep4u@aol.com,Bigender,214.21.47.104
2176,Rogerio,Neath,rneath4v@wiley.com,Agender,126.120.111.199
2177,Ron,Keats,rkeats4w@goodreads.com,Bigender,211.75.128.219
2178,Gigi,Elstob,gelstob4x@theatlantic.com,Polygender,186.125.243.70
2179,Dannye,Chessun,dchessun4y@is.gd,Bigender,11.180.55.181
2180,Zach,Bury,zbury4z@dell.com,Non-binary,242.139.29.5
2181,Burton,Dawdry,bdawdry50@samsung.com,Genderqueer,127.141.244.197
2182,Isa,Lidgely,ilidgely51@howstuffworks.com,Male,124.82.20.194
2183,Silas,Dent,sdent52@jiathis.com,Genderfluid,128.23.222.48
2184,Becki,Prando,bprando53@dailymotion.com,Bigender,136.92.208.76
2185,Hadley,Naptine,hnaptine54@house.gov,Agender,51.90.130.72
2186,Guss,Menichillo,gmenichillo55@deliciousdays.com,Female,59.80.248.140
2187,Carolus,Banford,cbanford56@flickr.com,Bigender,54.93.159.36
2188,Merilyn,Frackiewicz,mfrackiewicz57@51.la,Non-binary,25.50.40.232
2189,Halsy,Kynastone,hkynastone58@oracle.com,Non-binary,232.94.98.245
2190,Adelind,Twelves,atwelves59@furl.net,Bigender,42.134.37.250
2191,Margaux,Cochrane,mcochrane5a@cisco.com,Genderqueer,144.85.62.110
2192,Yale,Easson,yeasson5b@imageshack.us,Bigender,91.253.131.245
2193,Fletch,Versey,fversey5c@comsenz.com,Male,117.240.21.243
2194,Jackelyn,Toner,jtoner5d@devhub.com,Agender,221.64.158.144
2195,Janek,Branni,jbranni5e@cbc.ca,Bigender,61.115.91.66
2196,Whitby,Happs,whapps5f@amazonaws.com,Genderfluid,95.168.138.249
2197,Maude,McClifferty,mmcclifferty5g@forbes.com,Female,5.88.15.43
2198,Deva,Stonuary,dstonuary5h@slate.com,Genderqueer,166.45.175.19
2199,Annis,Glawsop,aglawsop5i@usgs.gov,Genderqueer,45.41.204.93
2200,Hamish,Ashling,hashling5j@g.co,Genderfluid,78.17.174.129
2201,Amalea,Eye,aeye5k@chron.com,Bigender,174.140.96.33
2202,Hewet,Orpwood,horpwood5l@netscape.com,Agender,229.106.20.95
2203,Ailis,Lamplugh,alamplugh5m@icq.com,Polygender,116.146.9.10
2204,Perri,Valens-Smith,pvalenssmith5n@example.com,Genderfluid,8.111.86.113
2205,Maisey,Averies,maveries5o@mozilla.com,Genderqueer,13.90.55.165
2206,Karena,Dionisio,kdionisio5p@fema.gov,Male,185.48.1.207
2207,Hew,Lagne,hlagne5q@nsw.gov.au,Agender,128.155.120.179
2208,Ofella,Bissiker,obissiker5r@cloudflare.com,Agender,127.63.195.198
2209,Christabel,Boler,cboler5s@tinyurl.com,Female,182.47.223.189
2210,Tab,Blaschek,tblaschek5t@acquirethisname.com,Female,235.123.193.3
2211,Burt,Whatman,bwhatman5u@ustream.tv,Bigender,132.206.97.168
2212,Merrel,Issett,missett5v@hostgator.com,Female,187.105.8.178
2213,Gorden,Tyght,gtyght5w@nydailynews.com,Genderfluid,185.45.215.216
2214,Wake,Comelini,wcomelini5x@bbc.co.uk,Female,203.55.126.137
2215,Hilly,Chappelle,hchappelle5y@google.de,Non-binary,133.214.137.89
2216,Trista,Bengoechea,tbengoechea5z@1und1.de,Bigender,46.86.101.210
2217,Jacquelynn,Maguire,jmaguire60@usatoday.com,Polygender,21.101.198.180
2218,Sayers,Astill,sastill61@elegantthemes.com,Genderqueer,219.241.92.161
2219,Gusta,Inmett,ginmett62@indiatimes.com,Agender,244.224.239.227
2220,Burch,Catherick,bcatherick63@chronoengine.com,Male,234.62.132.10
2221,Melessa,Northfield,mnorthfield64@feedburner.com,Genderqueer,24.132.50.161
2222,Neile,Hartford,nhartford65@people.com.cn,Male,117.14.6.94
2223,Kelsey,Normadell,knormadell66@liveinternet.ru,Genderqueer,243.54.185.208
2224,Rudyard,Sibyllina,rsibyllina67@example.com,Non-binary,220.129.154.50
2225,Marlow,Sabate,msabate68@google.es,Bigender,170.12.64.177
2226,Aveline,Stoffers,astoffers69@wikipedia.org,Agender,156.76.8.156
2227,Hendrik,Broadhurst,hbroadhurst6a@people.com.cn,Female,52.66.21.100
2228,Harris,Measey,hmeasey6b@tumblr.com,Polygender,1.208.169.88
2229,Orly,Jecks,ojecks6c@google.fr,Male,195.83.78.7
2230,Philippa,Bullivent,pbullivent6d@ucla.edu,Bigender,185.187.229.74
2231,Andrea,Wadhams,awadhams6e@4shared.com,Genderfluid,75.159.206.97
2232,Gregor,Munn,gmunn6f@ask.com,Agender,17.135.170.48
2233,Calli,Dougherty,cdougherty6g@phoca.cz,Female,68.89.101.234
2234,Iggie,Halloway,ihalloway6h@google.ca,Agender,161.192.0.184
2235,Brewer,Pollington,bpollington6i@wunderground.com,Male,216.184.36.201
2236,Mikel,Elderidge,melderidge6j@php.net,Bigender,137.145.196.201
2237,Reinhard,Oxbie,roxbie6k@microsoft.com,Polygender,170.3.99.247
2238,Chucho,Konmann,ckonmann6l@tuttocitta.it,Polygender,207.251.184.243
2239,Mira,Dewire,mdewire6m@addthis.com,Non-binary,80.204.128.186
2240,Penn,MacIlraith,pmacilraith6n@guardian.co.uk,Polygender,168.171.30.6
2241,Pepito,Carlesso,pcarlesso6o@livejournal.com,Non-binary,170.195.248.176
2242,Conni,Blumer,cblumer6p@over-blog.com,Female,217.139.127.225
2243,Waldon,Willoughby,wwilloughby6q@barnesandnoble.com,Male,247.69.60.230
2244,Trudey,Bertomieu,tbertomieu6r@yelp.com,Bigender,193.64.92.169
2245,Corabella,Eallis,ceallis6s@alibaba.com,Agender,242.208.133.191
2246,Ynez,Kingh,ykingh6t@bluehost.com,Male,206.174.133.104
2247,Florella,Trodd,ftrodd6u@php.net,Bigender,79.196.9.142
2248,Waneta,Massard,wmassard6v@timesonline.co.uk,Male,56.255.215.37
2249,Jodie,Ghelardoni,jghelardoni6w@ustream.tv,Bigender,219.242.229.67
2250,Sol,Bulteel,sbulteel6x@techcrunch.com,Agender,187.78.32.167
2251,Hewet,Allgood,hallgood6y@goo.ne.jp,Non-binary,252.179.4.230
2252,Charmain,Jezzard,cjezzard6z@webs.com,Agender,161.136.51.105
2253,Ginnifer,Lemin,glemin70@bluehost.com,Agender,142.170.6.52
2254,Norman,Grishunin,ngrishunin71@toplist.cz,Polygender,146.184.134.81
2255,Charisse,Ballston,cballston72@exblog.jp,Genderqueer,100.89.75.87
2256,Genovera,Laughton,glaughton73@multiply.com,Male,80.165.50.27
2257,Israel,Beddie,ibeddie74@miitbeian.gov.cn,Female,154.248.91.229
2258,Gregorius,Dentith,gdentith75@nationalgeographic.com,Female,41.149.223.36
2259,Mose,Guittet,mguittet76@comcast.net,Female,214.123.61.70
2260,Cherilynn,Gethins,cgethins77@columbia.edu,Male,76.249.83.169
2261,Nico,Abotson,nabotson78@studiopress.com,Male,106.72.1.49
2262,Adams,Gai,agai79@europa.eu,Agender,62.113.179.237
2263,Bourke,Rykert,brykert7a@nationalgeographic.com,Male,206.83.190.176
2264,Jolee,Duddan,jduddan7b@mapquest.com,Bigender,192.141.100.178
2265,Ardis,MacDermid,amacdermid7c@dailymail.co.uk,Male,212.202.225.253
2266,Davida,Pagelsen,dpagelsen7d@weebly.com,Male,154.99.33.228
2267,Hamlin,Schwanden,hschwanden7e@fc2.com,Agender,97.159.240.144
2268,Rockey,Oakwood,roakwood7f@foxnews.com,Non-binary,38.106.46.178
2269,Curry,Tuvey,ctuvey7g@tamu.edu,Genderfluid,134.93.30.54
2270,Haskell,Killingworth,hkillingworth7h@xinhuanet.com,Female,231.221.76.210
2271,Jasper,MacKeeg,jmackeeg7i@blogs.com,Non-binary,91.81.254.34
2272,Annice,Gregorin,agregorin7j@g.co,Bigender,5.153.43.130
2273,Benedicto,Drover,bdrover7k@google.com.br,Male,73.204.128.182
2274,Pen,Demaid,pdemaid7l@cpanel.net,Agender,169.155.149.229
2275,Rosabelle,Pellamont,rpellamont7m@geocities.jp,Female,241.19.245.9
2276,Leonardo,Wysome,lwysome7n@epa.gov,Female,64.35.241.139
2277,Valaria,Presdie,vpresdie7o@patch.com,Agender,106.57.232.11
2278,Philip,Dibdall,pdibdall7p@infoseek.co.jp,Polygender,81.124.179.250
2279,Jacqueline,Feye,jfeye7q@china.com.cn,Male,115.154.129.206
2280,Lorrin,Cowap,lcowap7r@eventbrite.com,Genderqueer,32.82.195.105
2281,Robina,Cheyne,rcheyne7s@bravesites.com,Polygender,178.221.60.223
2282,Aldis,Ockleshaw,aockleshaw7t@mysql.com,Bigender,143.18.137.73
2283,Patty,Tunna,ptunna7u@foxnews.com,Agender,100.33.171.230
2284,Brandise,Rathbone,brathbone7v@icq.com,Genderfluid,44.245.114.131
2285,Jacob,Rubinivitz,jrubinivitz7w@lycos.com,Non-binary,251.15.253.172
2286,Aundrea,Moriarty,amoriarty7x@csmonitor.com,Polygender,36.29.175.163
2287,Jennifer,Rumbelow,jrumbelow7y@aboutads.info,Genderfluid,52.217.235.0
2288,Fanya,Oldershaw,foldershaw7z@biblegateway.com,Non-binary,23.21.125.163
2289,Carissa,Teggin,cteggin80@china.com.cn,Genderqueer,5.96.194.197
2290,Meyer,Bourgeois,mbourgeois81@t.co,Genderqueer,30.170.229.69
2291,Brice,Brazur,bbrazur82@europa.eu,Bigender,45.147.68.51
2292,Giustino,Challiner,gchalliner83@xinhuanet.com,Genderqueer,109.61.102.100
2293,Gennifer,Whytock,gwhytock84@live.com,Genderfluid,14.79.200.28
2294,Shaughn,Dionisi,sdionisi85@google.de,Genderqueer,8.239.237.201
2295,Sigfrid,Baddam,sbaddam86@apple.com,Female,179.148.122.43
2296,Rodge,Creaven,rcreaven87@tiny.cc,Genderfluid,225.74.121.232
2297,May,Panchin,mpanchin88@networksolutions.com,Genderqueer,42.217.23.98
2298,Ted,Osboldstone,tosboldstone89@t-online.de,Female,254.184.15.207
2299,Tamma,Crosseland,tcrosseland8a@engadget.com,Genderfluid,164.171.191.181
2300,Jeramie,Itscovitz,jitscovitz8b@seesaa.net,Polygender,92.79.253.103
2301,El,Soaper,esoaper8c@quantcast.com,Polygender,171.174.51.103
2302,Cirilo,Huston,chuston8d@geocities.com,Female,223.38.83.49
2303,Bartolemo,Krolak,bkrolak8e@engadget.com,Genderfluid,246.217.34.72
2304,Zacharie,Bedboro,zbedboro8f@marketwatch.com,Male,201.31.148.92
2305,Aigneis,Vinter,avinter8g@springer.com,Bigender,79.138.178.35
2306,Bryant,Rentoll,brentoll8h@ow.ly,Non-binary,234.107.67.235
2307,Delilah,Raggatt,draggatt8i@google.de,Female,138.220.182.235
2308,Natale,Spolton,nspolton8j@bloglines.com,Genderqueer,67.80.99.212
2309,Eugene,Liversedge,eliversedge8k@reuters.com,Polygender,62.235.103.126
2310,Victor,Slocket,vslocket8l@wsj.com,Male,76.185.119.91
2311,Jessie,Yeldham,jyeldham8m@rediff.com,Genderfluid,105.36.107.68
2312,Sibel,Northgraves,snorthgraves8n@diigo.com,Non-binary,41.35.34.83
2313,Andria,Rogier,arogier8o@cnet.com,Genderqueer,85.204.163.118
2314,Roobbie,Bastin,rbastin8p@ox.ac.uk,Genderqueer,86.195.7.233
2315,Abram,Macklin,amacklin8q@xinhuanet.com,Male,26.104.135.177
2316,Linnea,Kristiansen,lkristiansen8r@dell.com,Female,73.180.5.147
2317,Keven,Linnett,klinnett8s@toplist.cz,Female,119.162.158.48
2318,Lynea,Zamora,lzamora8t@sogou.com,Agender,99.189.93.160
2319,Gavan,Ingamells,gingamells8u@admin.ch,Male,141.7.60.102
2320,Rosa,Blick,rblick8v@topsy.com,Female,243.42.5.111
2321,Alanna,Parsonage,aparsonage8w@walmart.com,Genderfluid,1.16.150.243
2322,Erhard,Matijasevic,ematijasevic8x@gravatar.com,Female,90.205.89.43
2323,Hiram,Keneleyside,hkeneleyside8y@xing.com,Polygender,35.130.95.64
2324,Web,Acott,wacott8z@sourceforge.net,Female,59.68.113.69
2325,Kriste,Titchen,ktitchen90@howstuffworks.com,Non-binary,241.214.83.117
2326,Byran,Goodwins,bgoodwins91@paginegialle.it,Male,84.191.107.122
2327,Ainsley,Phipp,aphipp92@goodreads.com,Female,99.132.252.48
2328,Wat,Cloney,wcloney93@cloudflare.com,Bigender,136.226.162.243
2329,Emmerich,Kilalea,ekilalea94@creativecommons.org,Female,22.72.45.230
2330,Veronika,Burdge,vburdge95@webmd.com,Agender,184.184.106.117
2331,Kirbee,Wills,kwills96@ebay.co.uk,Non-binary,96.110.232.174
2332,Frazer,Blackmoor,fblackmoor97@bloomberg.com,Male,129.94.163.227
2333,Jeddy,Stringman,jstringman98@blinklist.com,Female,250.244.94.167
2334,Caresse,Fessler,cfessler99@blogs.com,Genderqueer,16.131.132.128
2335,Malena,Davern,mdavern9a@gravatar.com,Polygender,155.241.155.56
2336,Liesa,Izzard,lizzard9b@google.nl,Male,239.188.153.15
2337,Dorette,Bortolozzi,dbortolozzi9c@istockphoto.com,Genderqueer,93.179.62.163
2338,Onfroi,Marle,omarle9d@slate.com,Genderqueer,142.77.21.169
2339,Teddy,Rief,trief9e@slideshare.net,Genderfluid,240.103.67.100
2340,Hadria,Sloy,hsloy9f@usatoday.com,Genderfluid,226.103.30.218
2341,Radcliffe,Attard,rattard9g@blogtalkradio.com,Polygender,196.169.218.25
2342,Sisile,Swepstone,sswepstone9h@flavors.me,Agender,148.209.69.20
2343,Doreen,Hender,dhender9i@japanpost.jp,Genderqueer,236.143.16.204
2344,Jule,Rubertis,jrubertis9j@simplemachines.org,Female,10.114.45.244
2345,Jaymee,Milch,jmilch9k@zdnet.com,Non-binary,207.208.154.136
2346,Anallese,Bedson,abedson9l@elpais.com,Genderqueer,234.200.113.215
2347,Alistair,Willman,awillman9m@ustream.tv,Genderfluid,1.19.71.139
2348,Dianemarie,Gallimore,dgallimore9n@latimes.com,Bigender,163.9.130.137
2349,Clayborn,Hulles,chulles9o@utexas.edu,Male,142.17.37.120
2350,Paola,Signe,psigne9p@xrea.com,Agender,79.229.190.133
2351,Lind,Adair,ladair9q@mapy.cz,Polygender,175.28.78.69
2352,Kelly,Geharke,kgeharke9r@smh.com.au,Bigender,11.201.141.49
2353,Wyatt,Bellenger,wbellenger9s@drupal.org,Agender,92.87.80.255
2354,Andrey,Alliberton,aalliberton9t@amazon.co.uk,Male,224.157.94.225
2355,Mendie,Eates,meates9u@123-reg.co.uk,Genderfluid,99.142.228.254
2356,Anthe,McKennan,amckennan9v@scribd.com,Polygender,43.226.227.40
2357,Tate,Fishley,tfishley9w@ca.gov,Male,128.184.26.224
2358,Veronike,Adamik,vadamik9x@i2i.jp,Bigender,249.29.221.237
2359,Leslie,Lukash,llukash9y@tuttocitta.it,Female,103.76.211.224
2360,Fifine,Jodrellec,fjodrellec9z@gizmodo.com,Polygender,241.250.46.140
2361,Skylar,Backe,sbackea0@telegraph.co.uk,Bigender,74.183.168.81
2362,Ora,Shoebottom,oshoebottoma1@nih.gov,Genderfluid,80.20.47.97
2363,Morlee,Southers,msouthersa2@myspace.com,Agender,62.66.239.173
2364,Myer,Butterick,mbuttericka3@imageshack.us,Male,160.221.118.16
2365,Pansie,Harmant,pharmanta4@cdbaby.com,Genderqueer,157.36.249.237
2366,Nicole,Croley,ncroleya5@networkadvertising.org,Polygender,96.115.65.245
2367,Ruthann,Stutt,rstutta6@theatlantic.com,Polygender,153.170.20.1
2368,Joshua,Cornford,jcornforda7@de.vu,Genderfluid,43.82.148.153
2369,Brose,Jedrzejewsky,bjedrzejewskya8@sohu.com,Genderfluid,17.196.3.107
2370,Yul,Ardley,yardleya9@gizmodo.com,Polygender,244.118.40.180
2371,Kaila,Ovid,kovidaa@fotki.com,Male,73.172.125.208
2372,Evelin,Dalmon,edalmonab@answers.com,Polygender,151.125.250.35
2373,Neall,Graser,ngraserac@photobucket.com,Male,28.78.196.224
2374,Minni,Knoles,mknolesad@wikimedia.org,Agender,0.35.69.11
2375,Claudelle,Boissier,cboissierae@dagondesign.com,Polygender,246.214.98.219
2376,Ferdie,Posselwhite,fposselwhiteaf@flickr.com,Genderfluid,90.51.208.25
2377,Mel,Philip,mphilipag@fotki.com,Bigender,18.192.108.239
2378,Kimmy,Puller,kpullerah@163.com,Genderfluid,215.44.191.34
2379,Irv,Keener,ikeenerai@blogs.com,Polygender,238.101.149.134
2380,Cori,Peterkin,cpeterkinaj@webmd.com,Bigender,113.243.189.35
2381,Prudence,Arnao,parnaoak@zimbio.com,Agender,71.203.16.114
2382,Eve,Boncoeur,eboncoeural@addthis.com,Polygender,13.202.25.71
2383,Goldy,McKeaney,gmckeaneyam@ucsd.edu,Polygender,225.186.2.88
2384,Novelia,Behr,nbehran@cornell.edu,Genderfluid,97.189.215.200
2385,Rockey,Fynan,rfynanao@ow.ly,Polygender,197.213.141.3
2386,Des,Jaher,djaherap@pagesperso-orange.fr,Male,126.194.248.11
2387,Maren,Trodler,mtrodleraq@time.com,Polygender,120.67.109.177
2388,Eziechiele,Pavlishchev,epavlishchevar@businesswire.com,Agender,254.3.32.75
2389,Pace,Brayfield,pbrayfieldas@irs.gov,Male,228.196.140.237
2390,Raymund,Buffin,rbuffinat@istockphoto.com,Genderqueer,227.236.176.95
2391,Dennis,Afonso,dafonsoau@va.gov,Non-binary,5.193.61.135
2392,Reggy,Klimov,rklimovav@fastcompany.com,Male,192.165.129.209
2393,Keir,Braams,kbraamsaw@moonfruit.com,Genderqueer,247.229.230.68
2394,Tiertza,Eccleshall,teccleshallax@ovh.net,Polygender,163.90.200.70
2395,Eziechiele,Stoile,estoileay@youtube.com,Female,217.4.99.49
2396,Bartie,Hedgeman,bhedgemanaz@admin.ch,Non-binary,96.199.103.70
2397,Abramo,Ovill,aovillb0@skyrock.com,Genderfluid,101.200.11.36
2398,Morley,Meiklejohn,mmeiklejohnb1@quantcast.com,Bigender,7.134.89.57
2399,Pammi,Jahnig,pjahnigb2@businesswire.com,Polygender,243.94.145.63
2400,Erich,Potier,epotierb3@ehow.com,Polygender,9.236.144.124
2401,Maureene,Nutman,mnutmanb4@delicious.com,Genderqueer,220.64.136.184
2402,Harald,Partkya,hpartkyab5@mozilla.org,Female,46.180.78.223
2403,Tallia,Dearsley,tdearsleyb6@cisco.com,Non-binary,149.106.190.198
2404,Berti,Lowensohn,blowensohnb7@lulu.com,Genderqueer,105.139.135.218
2405,Jud,Natalie,jnatalieb8@google.fr,Bigender,22.220.11.67
2406,Slade,Southerden,ssoutherdenb9@ucla.edu,Genderqueer,3.61.163.4
2407,Nichols,Gorner,ngornerba@sphinn.com,Male,255.51.55.77
2408,Berkeley,Sandercock,bsandercockbb@telegraph.co.uk,Female,220.86.175.20
2409,Thain,Barbie,tbarbiebc@hibu.com,Non-binary,169.38.110.39
2410,Elsinore,Lambarton,elambartonbd@redcross.org,Polygender,113.26.6.77
2411,Wilbur,Pikesley,wpikesleybe@nps.gov,Female,88.227.111.127
2412,Bram,Dowdall,bdowdallbf@tripadvisor.com,Genderqueer,149.132.203.22
2413,Susana,Whaplington,swhaplingtonbg@narod.ru,Male,182.9.121.1
2414,Crawford,Jellico,cjellicobh@usa.gov,Polygender,84.194.155.114
2415,Gail,Wabersich,gwabersichbi@twitter.com,Female,4.214.185.6
2416,Lindsey,Shortt,lshorttbj@networksolutions.com,Genderfluid,115.131.225.44
2417,Deana,Yellowlea,dyellowleabk@naver.com,Genderfluid,10.182.159.72
2418,Ario,Berget,abergetbl@etsy.com,Agender,43.150.236.162
2419,Martguerita,Broderick,mbroderickbm@technorati.com,Genderfluid,219.63.254.211
2420,Joelie,Binstead,jbinsteadbn@omniture.com,Genderqueer,82.251.206.185
2421,Freemon,Spering,fsperingbo@github.com,Non-binary,251.144.130.187
2422,Frank,de Wilde,fdewildebp@chronoengine.com,Agender,130.104.130.121
2423,Dex,Freeburn,dfreeburnbq@sun.com,Genderfluid,12.87.92.56
2424,Doloritas,Olczak,dolczakbr@1und1.de,Polygender,169.124.142.179
2425,Aimee,Lazell,alazellbs@ebay.co.uk,Agender,15.178.156.9
2426,Noam,Mulligan,nmulliganbt@friendfeed.com,Bigender,34.34.87.242
2427,Adriaens,Bedome,abedomebu@springer.com,Agender,239.187.237.30
2428,Saxe,Nisbith,snisbithbv@flickr.com,Agender,113.137.36.140
2429,Kathleen,Nobes,knobesbw@army.mil,Bigender,251.32.231.67
2430,Avictor,Instone,ainstonebx@auda.org.au,Male,162.230.173.84
2431,Leesa,Jenton,ljentonby@craigslist.org,Agender,72.248.74.170
2432,Starla,Tythe,stythebz@mashable.com,Genderfluid,79.129.84.121
2433,Ignazio,Thomason,ithomasonc0@umich.edu,Agender,123.107.127.81
2434,Benedikta,Manie,bmaniec1@paypal.com,Female,1.225.42.75
2435,Shermy,Yu,syuc2@google.com.br,Non-binary,18.62.78.227
2436,Brigham,Soreau,bsoreauc3@soundcloud.com,Genderfluid,163.156.94.79
2437,Harriette,Otson,hotsonc4@miibeian.gov.cn,Genderfluid,96.121.203.206
2438,Karylin,Simeoli,ksimeolic5@tinypic.com,Female,3.149.198.30
2439,Garner,Ghilks,gghilksc6@nydailynews.com,Agender,235.36.168.47
2440,Jinny,Stockford,jstockfordc7@ow.ly,Agender,255.145.243.135
2441,Randa,Blatcher,rblatcherc8@xrea.com,Polygender,166.204.22.153
2442,Otho,Fransoni,ofransonic9@pinterest.com,Female,122.216.59.21
2443,Conway,Issacof,cissacofca@walmart.com,Genderqueer,121.178.74.1
2444,Kirby,Stanley,kstanleycb@cam.ac.uk,Bigender,69.32.178.116
2445,Garek,Dowson,gdowsoncc@archive.org,Female,91.235.135.113
2446,Peri,Dineges,pdinegescd@theguardian.com,Non-binary,119.170.157.117
2447,Madlin,Beecraft,mbeecraftce@ebay.com,Genderqueer,6.60.177.171
2448,Willard,Dimeloe,wdimeloecf@amazon.co.uk,Agender,51.176.240.162
2449,Mikkel,Kapiloff,mkapiloffcg@google.es,Non-binary,45.19.88.139
2450,Angele,Coot,acootch@msn.com,Agender,96.189.181.107
2451,Hedi,Darrigoe,hdarrigoeci@arstechnica.com,Female,52.134.191.249
2452,Abdul,MacAirt,amacairtcj@51.la,Bigender,154.16.226.68
2453,Rogers,Doggrell,rdoggrellck@xrea.com,Female,184.31.49.207
2454,Redd,Medendorp,rmedendorpcl@weebly.com,Polygender,89.170.78.164
2455,Ivonne,Murdy,imurdycm@dagondesign.com,Polygender,121.5.29.75
2456,Brook,Eglese,beglesecn@joomla.org,Female,186.116.22.100
2457,Bud,Sawtell,bsawtellco@un.org,Female,55.183.226.64
2458,Marielle,Phlipon,mphliponcp@opensource.org,Female,48.173.228.23
2459,Urson,MacHoste,umachostecq@feedburner.com,Polygender,34.230.166.243
2460,Lester,Kerrane,lkerranecr@last.fm,Male,31.234.186.54
2461,Wallie,Praundlin,wpraundlincs@zdnet.com,Genderqueer,217.239.109.58
2462,Carrissa,Wildin,cwildinct@gizmodo.com,Male,216.107.75.111
2463,Junie,Giorgietto,jgiorgiettocu@tripod.com,Polygender,68.93.65.62
2464,Felice,Lesaunier,flesauniercv@hatena.ne.jp,Non-binary,181.165.13.135
2465,Madelena,Fallon,mfalloncw@csmonitor.com,Female,131.238.231.184
2466,Gwenora,Rissen,grissencx@reddit.com,Female,93.22.205.32
2467,Colleen,Wheater,cwheatercy@plala.or.jp,Male,162.223.63.30
2468,Ossie,Bartomieu,obartomieucz@hao123.com,Male,77.50.109.74
2469,Jacquelyn,Kynan,jkynand0@prweb.com,Female,150.69.116.35
2470,Gaby,Shillington,gshillingtond1@twitpic.com,Bigender,27.149.165.16
2471,Tiff,Syne,tsyned2@china.com.cn,Female,233.195.238.145
2472,Granthem,Hurry,ghurryd3@cornell.edu,Female,71.52.192.209
2473,Mattie,Nore,mnored4@purevolume.com,Polygender,146.95.178.71
2474,Cchaddie,Abeles,cabelesd5@exblog.jp,Genderqueer,27.86.80.89
2475,Kendra,Stovin,kstovind6@clickbank.net,Bigender,173.183.38.176
2476,Lindi,Artinstall,lartinstalld7@ameblo.jp,Bigender,145.66.14.223
2477,Thomasina,Beecker,tbeeckerd8@wufoo.com,Bigender,237.101.86.100
2478,Axe,Scutter,ascutterd9@java.com,Polygender,142.69.194.247
2479,Barbey,Thorley,bthorleyda@prweb.com,Agender,68.117.82.225
2480,Jose,Spatig,jspatigdb@netvibes.com,Male,131.57.9.112
2481,Gaven,Burford,gburforddc@bbb.org,Genderqueer,254.155.195.112
2482,Allayne,Brisbane,abrisbanedd@umn.edu,Genderfluid,46.43.14.226
2483,Ginni,Sailor,gsailorde@apple.com,Polygender,75.38.145.168
2484,Wenda,Liddle,wliddledf@macromedia.com,Genderqueer,62.26.9.8
2485,Florette,O'Mullally,fomullallydg@gmpg.org,Non-binary,167.4.103.61
2486,Kacey,Lenz,klenzdh@tripod.com,Bigender,249.199.128.188
2487,Moyna,Skittrell,mskittrelldi@hatena.ne.jp,Genderfluid,194.14.18.228
2488,Carlie,Stormes,cstormesdj@deviantart.com,Genderfluid,42.92.70.230
2489,Roscoe,Legat,rlegatdk@shareasale.com,Genderfluid,254.42.253.138
2490,Sholom,Pecha,spechadl@themeforest.net,Non-binary,33.243.102.1
2491,Hakim,Brierly,hbrierlydm@artisteer.com,Genderfluid,243.9.60.105
2492,Timothy,Hug,thugdn@exblog.jp,Male,147.80.103.65
2493,Bentlee,Haibel,bhaibeldo@goodreads.com,Male,135.168.52.68
2494,Petronille,Maulkin,pmaulkindp@soundcloud.com,Non-binary,218.189.62.147
2495,Em,Dyte,edytedq@amazon.co.jp,Non-binary,128.228.149.177
2496,Felizio,Cleugher,fcleugherdr@chron.com,Male,251.19.12.245
2497,Teodor,Danzey,tdanzeyds@imgur.com,Agender,182.148.52.236
2498,Rikki,Abby,rabbydt@phpbb.com,Male,84.64.195.58
2499,Lucienne,Lorenzetti,llorenzettidu@purevolume.com,Non-binary,30.203.97.73
2500,Drusi,Brenstuhl,dbrenstuhldv@reference.com,Agender,63.218.203.230
2501,Chevy,Burgon,cburgondw@linkedin.com,Female,143.95.178.50
2502,Kit,Giraudeau,kgiraudeaudx@livejournal.com,Non-binary,253.130.9.250
2503,Stacee,Southers,ssouthersdy@home.pl,Non-binary,117.181.237.109
2504,Damara,Buard,dbuarddz@cisco.com,Agender,141.33.14.108
2505,Llewellyn,Draisey,ldraiseye0@adobe.com,Bigender,84.149.76.218
2506,Marten,McKeowon,mmckeowone1@acquirethisname.com,Genderfluid,173.89.116.104
2507,Archer,Justis,ajustise2@com.com,Female,71.109.157.44
2508,Sheffy,Mingotti,smingottie3@dailymotion.com,Genderfluid,162.94.149.76
2509,Tabby,Suerz,tsuerze4@redcross.org,Genderfluid,50.176.254.115
2510,Colette,Bassill,cbassille5@aol.com,Bigender,19.146.190.251
2511,Lenette,Garmon,lgarmone6@wisc.edu,Polygender,184.245.114.98
2512,Killian,Lorens,klorense7@dot.gov,Female,139.111.234.118
2513,Henryetta,Severs,hseverse8@unicef.org,Bigender,102.223.147.75
2514,Brody,Bengtsson,bbengtssone9@rakuten.co.jp,Polygender,106.239.198.104
2515,Any,Gilbey,agilbeyea@homestead.com,Agender,31.57.204.182
2516,Aluin,Andrichak,aandrichakeb@usnews.com,Non-binary,236.118.74.118
2517,Jane,Roset,jrosetec@over-blog.com,Bigender,238.65.122.135
2518,Dottie,Heathcoat,dheathcoated@patch.com,Genderqueer,191.81.211.159
2519,Carley,Wyllis,cwyllisee@google.com,Genderfluid,102.146.179.202
2520,Geri,MacGhee,gmacgheeef@latimes.com,Polygender,181.19.146.202
2521,Faina,Giscken,fgisckeneg@drupal.org,Bigender,16.68.104.109
2522,Analiese,Sweatman,asweatmaneh@wikia.com,Polygender,180.186.6.104
2523,Stesha,Fazackerley,sfazackerleyei@qq.com,Agender,71.253.165.129
2524,Aurora,Mapham,amaphamej@mlb.com,Genderfluid,15.223.57.246
2525,Hazel,Castiello,hcastielloek@timesonline.co.uk,Non-binary,148.213.67.85
2526,Meggie,Luten,mlutenel@sohu.com,Polygender,116.246.106.102
2527,Hana,Beel,hbeelem@wiley.com,Genderfluid,65.143.131.150
2528,Noll,Ivanov,nivanoven@vk.com,Bigender,251.244.21.243
2529,Marj,Turrell,mturrelleo@theglobeandmail.com,Genderfluid,187.85.125.224
2530,Marcus,McBrady,mmcbradyep@dagondesign.com,Male,64.223.17.153
2531,Nevsa,Kasperski,nkasperskieq@behance.net,Bigender,175.206.150.199
2532,Augustine,Gallaway,agallawayer@comsenz.com,Agender,104.148.152.239
2533,Latia,Vanyard,lvanyardes@nhs.uk,Non-binary,79.177.94.168
2534,Sharl,MacKereth,smackerethet@oracle.com,Genderqueer,253.85.13.149
2535,Adah,Joscelyne,ajoscelyneeu@deliciousdays.com,Genderfluid,152.240.40.211
2536,Loralyn,McComiskie,lmccomiskieev@cafepress.com,Male,177.63.116.97
2537,Gertrude,Dederich,gdederichew@liveinternet.ru,Polygender,173.22.189.251
2538,Alano,Peploe,apeploeex@printfriendly.com,Bigender,61.67.124.212
2539,Cassy,Robbings,crobbingsey@ifeng.com,Polygender,216.161.24.218
2540,Darcy,McPhillimey,dmcphillimeyez@de.vu,Agender,220.25.102.168
2541,Katuscha,Angeau,kangeauf0@intel.com,Agender,39.225.167.130
2542,Perry,Hyde,phydef1@blog.com,Bigender,2.191.71.140
2543,Elyse,Lindroos,elindroosf2@ftc.gov,Female,92.154.198.16
2544,Wallis,Gaythwaite,wgaythwaitef3@usgs.gov,Agender,172.202.154.120
2545,Nerty,Josling,njoslingf4@elpais.com,Genderfluid,134.111.98.189
2546,Julissa,Toping,jtopingf5@theatlantic.com,Male,120.220.240.56
2547,Edouard,Landrean,elandreanf6@nih.gov,Non-binary,85.95.179.160
2548,Tansy,Doy,tdoyf7@cyberchimps.com,Polygender,221.108.176.187
2549,Abbe,Aiskrigg,aaiskriggf8@com.com,Bigender,243.225.95.140
2550,Trent,Edess,tedessf9@bbc.co.uk,Female,156.74.248.75
2551,Adena,Vear,avearfa@webnode.com,Genderfluid,23.185.136.150
2552,Berkie,Gadeaux,bgadeauxfb@gravatar.com,Genderqueer,7.24.77.76
2553,Rivy,Hysom,rhysomfc@washington.edu,Genderqueer,125.26.189.220
2554,Freda,Norster,fnorsterfd@scientificamerican.com,Agender,18.21.215.84
2555,Adriana,Cupper,acupperfe@goo.ne.jp,Agender,132.65.184.59
2556,Ade,Kynoch,akynochff@symantec.com,Polygender,252.219.202.59
2557,Fanchon,Dinsmore,fdinsmorefg@netlog.com,Agender,156.15.152.159
2558,Alys,Caverhill,acaverhillfh@nps.gov,Bigender,35.199.37.230
2559,Matilde,Donati,mdonatifi@example.com,Genderqueer,50.155.74.181
2560,Cordelie,Lishman,clishmanfj@ed.gov,Male,175.198.24.135
2561,Rockwell,Bamblett,rbamblettfk@desdev.cn,Agender,8.125.92.107
2562,Cherise,Filkin,cfilkinfl@free.fr,Polygender,84.196.204.72
2563,Lani,Hospital,lhospitalfm@kickstarter.com,Non-binary,227.187.68.165
2564,Xerxes,Tear,xtearfn@ustream.tv,Non-binary,140.185.5.232
2565,Elysha,Kneller,eknellerfo@nationalgeographic.com,Genderqueer,135.215.88.131
2566,Alistair,Read,areadfp@cafepress.com,Female,128.86.141.131
2567,Wolfgang,Pawle,wpawlefq@friendfeed.com,Agender,37.49.56.176
2568,Dosi,Biddell,dbiddellfr@dot.gov,Genderqueer,143.160.30.27
2569,Milty,Felton,mfeltonfs@ustream.tv,Female,57.3.96.6
2570,Casper,Richardes,crichardesft@addtoany.com,Non-binary,145.69.87.246
2571,Felipa,Burrel,fburrelfu@buzzfeed.com,Female,218.200.155.131
2572,Rolf,Antecki,ranteckifv@php.net,Male,246.254.204.112
2573,Nye,Gatrill,ngatrillfw@technorati.com,Non-binary,14.200.65.207
2574,Patricio,Stinson,pstinsonfx@phpbb.com,Polygender,187.38.1.53
2575,Conney,Langthorne,clangthornefy@msu.edu,Genderqueer,156.101.130.97
2576,Lek,Headings,lheadingsfz@state.gov,Genderqueer,245.240.156.43
2577,Lurette,Shaddock,lshaddockg0@nih.gov,Genderfluid,28.227.68.42
2578,Dinah,Danilishin,ddanilishing1@globo.com,Genderfluid,50.154.213.177
2579,Avrom,Varnals,avarnalsg2@berkeley.edu,Agender,255.62.163.111
2580,Gene,Poizer,gpoizerg3@flickr.com,Polygender,220.205.13.170
2581,Filmore,Camellini,fcamellinig4@free.fr,Genderfluid,147.43.231.169
2582,Annelise,Peppard,apeppardg5@nbcnews.com,Bigender,222.53.49.99
2583,Terrel,Zuppa,tzuppag6@so-net.ne.jp,Genderqueer,87.120.133.233
2584,Temple,Glowacha,tglowachag7@ucla.edu,Bigender,165.227.99.54
2585,Walliw,Spadelli,wspadellig8@oracle.com,Polygender,218.156.93.240
2586,Rosy,Pickston,rpickstong9@google.com.hk,Male,156.152.229.21
2587,Renaldo,McKirton,rmckirtonga@biblegateway.com,Polygender,254.205.19.230
2588,Shem,Bartholin,sbartholingb@sitemeter.com,Female,181.249.206.209
2589,Angie,Kaveney,akaveneygc@globo.com,Bigender,55.41.234.213
2590,Marlo,Stagg,mstagggd@ebay.co.uk,Female,24.154.163.54
2591,Far,Saiens,fsaiensge@mapquest.com,Bigender,121.63.220.215
2592,Hayward,Garfirth,hgarfirthgf@ucoz.com,Polygender,90.115.179.14
2593,Sigfried,Lanchberry,slanchberrygg@joomla.org,Non-binary,108.50.8.239
2594,Lorilee,Chander,lchandergh@elegantthemes.com,Bigender,167.222.119.62
2595,Loralee,Frame,lframegi@marketwatch.com,Female,218.103.63.229
2596,Ree,Lukacs,rlukacsgj@github.io,Polygender,248.146.138.202
2597,Florina,Martinet,fmartinetgk@vkontakte.ru,Agender,201.173.37.184
2598,Andrey,Haking,ahakinggl@weebly.com,Agender,213.96.117.22
2599,Arturo,Tuftin,atuftingm@samsung.com,Male,115.207.93.226
2600,Feliks,Kincla,fkinclagn@elpais.com,Male,197.75.32.85
2601,Rebekkah,Tuckley,rtuckleygo@over-blog.com,Genderfluid,128.55.60.136
2602,Hubie,Duker,hdukergp@dion.ne.jp,Male,215.104.204.13
2603,Normand,Flacke,nflackegq@youtube.com,Agender,208.165.240.161
2604,Isabel,Ruddell,iruddellgr@cam.ac.uk,Genderfluid,247.241.220.51
2605,Chevy,Moorcraft,cmoorcraftgs@dion.ne.jp,Genderfluid,254.61.171.90
2606,Lillian,Jorat,ljoratgt@gnu.org,Agender,161.63.168.202
2607,Vernice,MacVicar,vmacvicargu@mozilla.com,Male,99.17.202.55
2608,Sheff,Lavrinov,slavrinovgv@bloglines.com,Genderfluid,254.249.225.116
2609,Brandie,Samarth,bsamarthgw@icio.us,Male,89.144.248.157
2610,Wilma,Bessell,wbessellgx@economist.com,Agender,16.10.173.235
2611,Brigitta,Ravenscroft,bravenscroftgy@opera.com,Bigender,9.140.226.191
2612,Hakeem,Coaker,hcoakergz@google.ca,Non-binary,116.254.177.95
2613,Zena,Hawtrey,zhawtreyh0@ihg.com,Genderqueer,27.184.156.242
2614,Twyla,Cruz,tcruzh1@forbes.com,Genderfluid,54.197.171.63
2615,Rosalinda,Foxall,rfoxallh2@a8.net,Genderqueer,91.245.229.167
2616,Erin,Blaylock,eblaylockh3@oracle.com,Bigender,14.179.195.26
2617,Zebulen,Arnould,zarnouldh4@gmpg.org,Female,158.164.152.21
2618,Gizela,Hindshaw,ghindshawh5@gravatar.com,Genderfluid,223.151.184.38
2619,Gilberta,Oakshott,goakshotth6@jalbum.net,Polygender,81.50.144.128
2620,Reeva,Ixor,rixorh7@twitpic.com,Female,5.110.50.9
2621,Kaja,Gipson,kgipsonh8@google.fr,Female,195.58.188.208
2622,Gayle,Alcorn,galcornh9@devhub.com,Polygender,88.254.121.227
2623,Nick,Benz,nbenzha@trellian.com,Genderfluid,22.104.98.165
2624,Pedro,Chominski,pchominskihb@blogspot.com,Male,19.90.129.107
2625,Sapphira,Tranter,stranterhc@theglobeandmail.com,Male,59.115.122.213
2626,Linette,Ingolotti,lingolottihd@vistaprint.com,Polygender,61.65.6.140
2627,Godwin,Maciocia,gmaciociahe@dedecms.com,Polygender,103.119.71.255
2628,Roseanne,Elsie,relsiehf@senate.gov,Agender,121.74.133.23
2629,Graham,Reddie,greddiehg@goodreads.com,Genderfluid,40.208.146.148
2630,Hank,Haggeth,hhaggethhh@csmonitor.com,Agender,146.204.217.169
2631,Waylan,Jarvis,wjarvishi@chicagotribune.com,Genderqueer,114.150.120.102
2632,Oates,Gyves,ogyveshj@oaic.gov.au,Non-binary,19.100.15.226
2633,Margareta,Vipan,mvipanhk@macromedia.com,Agender,230.241.139.138
2634,Birdie,Hamberston,bhamberstonhl@hatena.ne.jp,Agender,82.232.109.195
2635,Wren,Ivannikov,wivannikovhm@jugem.jp,Male,160.9.233.146
2636,Trent,Wilcocke,twilcockehn@usgs.gov,Polygender,64.200.29.255
2637,Marshal,Fromant,mfromantho@yelp.com,Bigender,170.113.82.50
2638,Judith,Azemar,jazemarhp@scientificamerican.com,Genderqueer,222.53.173.26
2639,Sonnie,Olding,soldinghq@tmall.com,Genderqueer,65.35.10.38
2640,Colette,Ovell,covellhr@google.ca,Female,77.48.146.166
2641,Benedikta,Mabbs,bmabbshs@arizona.edu,Bigender,145.148.172.254
2642,Florencia,Belmont,fbelmontht@infoseek.co.jp,Polygender,137.100.8.28
2643,Aura,Paddon,apaddonhu@miibeian.gov.cn,Male,249.231.239.118
2644,Bridie,Renihan,brenihanhv@eepurl.com,Bigender,214.62.147.134
2645,Verney,Bassano,vbassanohw@twitpic.com,Female,35.103.204.241
2646,Kelvin,Fyndon,kfyndonhx@cargocollective.com,Non-binary,57.142.66.42
2647,Bendicty,Fatscher,bfatscherhy@baidu.com,Bigender,167.130.52.15
2648,Christophorus,Jorgensen,cjorgensenhz@homestead.com,Bigender,246.144.56.160
2649,Mignon,Hoyte,mhoytei0@japanpost.jp,Genderfluid,43.189.251.169
2650,Reagen,Eidelman,reidelmani1@exblog.jp,Female,171.31.97.232
2651,Brandy,Carmel,bcarmeli2@indiegogo.com,Non-binary,156.198.42.209
2652,Vladimir,Hearthfield,vhearthfieldi3@examiner.com,Polygender,9.48.31.119
2653,Devlin,Davidov,ddavidovi4@fastcompany.com,Polygender,211.182.228.52
2654,Krista,Leeke,kleekei5@ameblo.jp,Non-binary,85.229.18.66
2655,Terry,Robbs,trobbsi6@boston.com,Male,44.173.237.234
2656,Sayers,Thurby,sthurbyi7@163.com,Female,190.255.171.37
2657,Etheline,Mattiassi,emattiassii8@theguardian.com,Male,237.102.238.75
2658,Bartie,Gelsthorpe,bgelsthorpei9@indiatimes.com,Polygender,54.59.167.28
2659,Arlen,Cabble,acabbleia@geocities.com,Bigender,136.181.218.164
2660,Libbey,MacGlory,lmacgloryib@blogtalkradio.com,Genderqueer,198.163.78.120
2661,Gloriane,Sebrens,gsebrensic@list-manage.com,Genderqueer,200.165.153.172
2662,Tonnie,Kirvell,tkirvellid@nsw.gov.au,Non-binary,18.99.152.155
2663,Carolyne,Conway,cconwayie@tinyurl.com,Genderfluid,40.54.2.193
2664,Ardath,Stroyan,astroyanif@nasa.gov,Non-binary,196.98.118.22
2665,Loleta,Trenholm,ltrenholmig@list-manage.com,Polygender,190.22.16.125
2666,Hew,Pursehouse,hpursehouseih@liveinternet.ru,Agender,56.4.206.213
2667,Ira,Wellington,iwellingtonii@i2i.jp,Genderfluid,115.229.164.81
2668,Antonetta,Gyves,agyvesij@symantec.com,Bigender,219.232.196.222
2669,Dar,Sabbatier,dsabbatierik@ucsd.edu,Agender,213.216.55.202
2670,Babs,McNish,bmcnishil@issuu.com,Non-binary,84.219.20.162
2671,Rob,Sommerlin,rsommerlinim@etsy.com,Polygender,23.66.198.30
2672,Lucy,Dorrell,ldorrellin@tumblr.com,Bigender,83.140.206.90
2673,Aubrey,Barabisch,abarabischio@linkedin.com,Female,43.195.139.121
2674,Currie,Doodson,cdoodsonip@sphinn.com,Female,195.206.136.167
2675,Ricki,Capelow,rcapelowiq@phpbb.com,Agender,13.188.48.95
2676,Eimile,Turnpenny,eturnpennyir@walmart.com,Bigender,31.2.182.106
2677,Bale,Quinion,bquinionis@storify.com,Polygender,93.78.25.221
2678,Lyon,Shearman,lshearmanit@mediafire.com,Female,150.99.191.11
2679,Hashim,Kidson,hkidsoniu@ocn.ne.jp,Male,201.139.251.96
2680,Aime,Jurick,ajurickiv@salon.com,Polygender,108.194.74.93
2681,Brinna,Bilbee,bbilbeeiw@kickstarter.com,Genderfluid,103.136.17.66
2682,Standford,Frenzel;,sfrenzelix@state.tx.us,Genderqueer,221.10.149.3
2683,Hanni,MacNeely,hmacneelyiy@cyberchimps.com,Genderqueer,159.211.248.205
2684,Therine,Mayte,tmayteiz@ucla.edu,Polygender,115.156.73.199
2685,Sidoney,Twining,stwiningj0@marketwatch.com,Bigender,202.101.154.110
2686,Guthrey,Gerssam,ggerssamj1@slashdot.org,Non-binary,181.28.177.55
2687,Sallyann,Hatz,shatzj2@ifeng.com,Male,172.130.103.117
2688,Lori,Gooch,lgoochj3@ihg.com,Polygender,189.54.189.245
2689,Husein,Deering,hdeeringj4@mtv.com,Male,197.235.156.105
2690,Normy,Volant,nvolantj5@etsy.com,Bigender,202.249.121.251
2691,Lira,Piegrome,lpiegromej6@un.org,Agender,55.110.66.140
2692,Margaretha,Udall,mudallj7@wisc.edu,Polygender,25.199.251.1
2693,Marmaduke,Berthon,mberthonj8@pcworld.com,Non-binary,168.163.9.243
2694,Karia,Cortez,kcortezj9@tuttocitta.it,Male,40.150.101.119
2695,Drud,Brushneen,dbrushneenja@businesswire.com,Bigender,51.122.217.140
2696,Marketa,Sango,msangojb@fastcompany.com,Polygender,52.83.126.91
2697,Valle,Andrivel,vandriveljc@omniture.com,Genderqueer,103.41.72.58
2698,Elicia,Vinter,evinterjd@about.me,Polygender,172.227.197.185
2699,Sayer,Kemson,skemsonje@yahoo.co.jp,Non-binary,152.248.229.196
2700,Thacher,Bushill,tbushilljf@symantec.com,Male,17.95.1.77
2701,Aubry,Drinkale,adrinkalejg@weebly.com,Genderqueer,10.86.130.53
2702,Augy,Malthus,amalthusjh@cloudflare.com,Genderqueer,64.63.214.93
2703,Kort,Cleaver,kcleaverji@taobao.com,Female,145.246.97.122
2704,Karrie,Slot,kslotjj@sciencedaily.com,Polygender,6.135.87.231
2705,Jeni,Skipsey,jskipseyjk@infoseek.co.jp,Agender,70.160.109.117
2706,Tasha,Cuffe,tcuffejl@cornell.edu,Male,163.17.233.247
2707,Emmalynne,Harverson,eharversonjm@arizona.edu,Polygender,253.252.82.166
2708,Jeno,Beardwood,jbeardwoodjn@sfgate.com,Genderfluid,1.30.207.254
2709,Maurie,Durtnel,mdurtneljo@unblog.fr,Agender,165.51.120.44
2710,Romonda,Iacovucci,riacovuccijp@redcross.org,Genderqueer,218.66.215.103
2711,Moritz,Cobbald,mcobbaldjq@sogou.com,Non-binary,200.49.113.97
2712,Jock,Croxton,jcroxtonjr@weebly.com,Genderfluid,63.164.3.136
2713,Erna,Hearst,ehearstjs@dropbox.com,Genderfluid,131.18.249.0
2714,Kara-lynn,Gripton,kgriptonjt@tiny.cc,Genderqueer,34.81.192.135
2715,Hartwell,Beesey,hbeeseyju@icio.us,Polygender,171.152.215.12
2716,Vinni,Gouldthorpe,vgouldthorpejv@foxnews.com,Female,219.92.232.251
2717,Tommy,Cotmore,tcotmorejw@soup.io,Genderfluid,235.143.79.196
2718,Florrie,Carstairs,fcarstairsjx@webs.com,Genderfluid,151.149.12.163
2719,Arlana,Girkin,agirkinjy@dot.gov,Genderqueer,183.224.253.99
2720,Erminia,Cashley,ecashleyjz@example.com,Genderqueer,141.198.10.14
2721,Nye,Edgerton,nedgertonk0@yelp.com,Bigender,183.59.195.44
2722,Garvin,Brettor,gbrettork1@icio.us,Polygender,223.97.149.96
2723,Crista,Aguilar,caguilark2@hibu.com,Bigender,36.66.82.2
2724,Vivianne,Llewelyn,vllewelynk3@devhub.com,Polygender,39.43.107.153
2725,Gloriana,Salan,gsalank4@bbc.co.uk,Genderfluid,4.227.231.150
2726,Wilbert,Wolland,wwollandk5@themeforest.net,Polygender,152.14.156.67
2727,Mildred,Pashby,mpashbyk6@imgur.com,Non-binary,208.79.45.45
2728,Leone,Barras,lbarrask7@t.co,Polygender,101.106.166.241
2729,Andeee,Walklett,awalklettk8@amazon.com,Agender,89.55.191.123
2730,Emmery,Caudrey,ecaudreyk9@alexa.com,Agender,254.29.198.101
2731,Jenifer,Crich,jcrichka@time.com,Genderfluid,246.107.103.123
2732,Aland,Hallitt,ahallittkb@apple.com,Female,124.60.84.168
2733,Sloan,Garey,sgareykc@adobe.com,Genderfluid,209.132.147.142
2734,Minnnie,Oag,moagkd@oaic.gov.au,Non-binary,57.16.90.221
2735,Laverne,Ife,lifeke@jigsy.com,Genderfluid,236.131.55.82
2736,August,Baudins,abaudinskf@sourceforge.net,Genderfluid,212.147.3.130
2737,Skylar,Dell Casa,sdellcasakg@odnoklassniki.ru,Genderqueer,113.85.134.186
2738,Genevieve,Haste,ghastekh@youtu.be,Genderqueer,150.156.2.62
2739,Babs,Vigne,bvigneki@comcast.net,Genderfluid,87.151.1.25
2740,Nigel,Fettes,nfetteskj@fema.gov,Bigender,57.216.7.241
2741,Stella,Cheales,schealeskk@theatlantic.com,Agender,88.218.38.7
2742,Leonard,Tuffield,ltuffieldkl@slideshare.net,Genderqueer,149.19.158.93
2743,Deane,Idney,didneykm@technorati.com,Agender,48.237.253.216
2744,Rici,Bussell,rbussellkn@nbcnews.com,Agender,1.26.253.110
2745,Gavin,Glazzard,gglazzardko@soup.io,Agender,232.6.23.247
2746,Aymer,Hellicar,ahellicarkp@blogger.com,Polygender,144.222.37.158
2747,Carolee,Skase,cskasekq@desdev.cn,Genderqueer,113.73.49.104
2748,Trip,Dockwray,tdockwraykr@blogtalkradio.com,Female,28.154.142.134
2749,Jorrie,Colbourne,jcolbourneks@hao123.com,Genderqueer,210.166.12.172
2750,Daven,Strapp,dstrappkt@weibo.com,Genderfluid,61.56.34.7
2751,Charley,Helis,chelisku@phpbb.com,Female,79.122.167.157
2752,Sisely,Gisbourn,sgisbournkv@lycos.com,Bigender,142.17.130.205
2753,Mimi,Conerding,mconerdingkw@barnesandnoble.com,Genderfluid,145.124.61.123
2754,Leonie,Castellucci,lcastelluccikx@craigslist.org,Non-binary,148.15.149.223
2755,Allissa,Treadway,atreadwayky@buzzfeed.com,Agender,159.73.6.213
2756,Kenny,Trickey,ktrickeykz@sciencedaily.com,Male,234.166.236.90
2757,Cookie,Losano,closanol0@godaddy.com,Genderqueer,47.49.159.216
2758,Rockey,Huzzay,rhuzzayl1@prweb.com,Non-binary,193.248.216.191
2759,Ameline,Tyrone,atyronel2@ezinearticles.com,Agender,49.176.205.142
2760,Jon,Malser,jmalserl3@ted.com,Male,22.118.162.192
2761,Elwira,Filipponi,efilipponil4@canalblog.com,Non-binary,127.177.127.90
2762,Kristan,Larham,klarhaml5@ucsd.edu,Bigender,50.103.197.6
2763,Dougie,Grimshaw,dgrimshawl6@mlb.com,Agender,1.43.24.13
2764,Ozzie,Swannell,oswannelll7@nifty.com,Male,182.152.75.148
2765,Cort,Grafton-Herbert,cgraftonherbertl8@t.co,Non-binary,178.5.255.129
2766,Towny,Dallyn,tdallynl9@bravesites.com,Male,95.193.170.145
2767,Hamlen,Gueinn,hgueinnla@exblog.jp,Agender,49.223.155.22
2768,Jase,Scotchbrook,jscotchbrooklb@webs.com,Polygender,75.183.248.82
2769,Doralynn,Bogart,dbogartlc@people.com.cn,Male,226.186.89.114
2770,Johannah,Atmore,jatmoreld@arstechnica.com,Genderqueer,109.9.112.14
2771,Guido,Vanelli,gvanellile@si.edu,Genderfluid,1.238.61.168
2772,Sybila,Gounard,sgounardlf@google.com.br,Genderqueer,178.144.114.134
2773,Iorgos,Biaggelli,ibiaggellilg@usda.gov,Polygender,134.21.242.64
2774,Alverta,Bernardelli,abernardellilh@dailymotion.com,Agender,108.116.207.236
2775,Sergei,Medforth,smedforthli@si.edu,Polygender,128.160.161.175
2776,Katharine,Tomkiss,ktomkisslj@godaddy.com,Genderfluid,160.198.217.17
2777,Milt,Clissold,mclissoldlk@hatena.ne.jp,Male,126.221.189.10
2778,Hulda,Coffey,hcoffeyll@state.gov,Genderfluid,177.138.196.247
2779,Wake,Kennard,wkennardlm@xrea.com,Genderfluid,184.220.23.163
2780,Issi,Galliver,igalliverln@pbs.org,Bigender,3.163.70.99
2781,Abbott,Milleton,amilletonlo@digg.com,Bigender,81.59.55.193
2782,Theresita,Crewther,tcrewtherlp@loc.gov,Non-binary,172.182.13.92
2783,Tiebout,Kildale,tkildalelq@engadget.com,Agender,90.169.55.126
2784,Bella,Bartzen,bbartzenlr@ihg.com,Male,224.175.58.184
2785,Corie,Enochsson,cenochssonls@360.cn,Non-binary,114.185.124.146
2786,Jaquenetta,Rowesby,jrowesbylt@icio.us,Polygender,161.186.234.90
2787,Shannon,Corke,scorkelu@webnode.com,Genderfluid,40.132.234.202
2788,Siusan,Paternoster,spaternosterlv@vk.com,Polygender,122.241.190.94
2789,Dix,Connue,dconnuelw@theglobeandmail.com,Female,110.56.134.62
2790,Issie,Moyers,imoyerslx@ameblo.jp,Female,87.192.58.99
2791,Marketa,Kynder,mkynderly@squidoo.com,Polygender,215.50.159.65
2792,Leslie,Ellicombe,lellicombelz@sitemeter.com,Female,138.224.77.35
2793,Bryanty,Mattia,bmattiam0@shutterfly.com,Agender,117.8.255.22
2794,Tanya,Piggott,tpiggottm1@yandex.ru,Non-binary,151.211.80.40
2795,Melisa,Schoolcroft,mschoolcroftm2@cisco.com,Male,141.181.99.131
2796,Petronia,De Malchar,pdemalcharm3@dot.gov,Male,10.153.245.56
2797,Elvira,Bidgood,ebidgoodm4@unc.edu,Genderqueer,172.71.96.135
2798,Evered,Pottie,epottiem5@phpbb.com,Bigender,8.48.146.107
2799,Rudy,Colling,rcollingm6@squarespace.com,Non-binary,250.96.155.201
2800,Gary,Rubinivitz,grubinivitzm7@nhs.uk,Genderfluid,45.254.225.45
2801,Tildi,Vakhrushin,tvakhrushinm8@oakley.com,Bigender,203.152.133.16
2802,Standford,Glasner,sglasnerm9@w3.org,Male,7.105.110.225
2803,Cathrine,Rex,crexma@sina.com.cn,Non-binary,229.235.72.242
2804,Caresa,Rountree,crountreemb@si.edu,Non-binary,128.21.235.147
2805,Rriocard,Rumbellow,rrumbellowmc@ucoz.ru,Agender,38.4.74.153
2806,Alphard,Dufer,adufermd@bluehost.com,Bigender,46.15.187.251
2807,Chan,Stutt,cstuttme@army.mil,Genderqueer,255.88.118.222
2808,Bobbi,McKeney,bmckeneymf@miitbeian.gov.cn,Female,13.73.163.175
2809,Mace,Borkin,mborkinmg@meetup.com,Female,12.158.197.107
2810,Horacio,Dell 'Orto,hdellortomh@utexas.edu,Bigender,14.32.192.69
2811,Raynor,Lardnar,rlardnarmi@netlog.com,Polygender,78.79.139.22
2812,Ansel,Shellcross,ashellcrossmj@google.fr,Genderfluid,42.105.44.90
2813,Farly,MacSherry,fmacsherrymk@google.nl,Agender,185.136.2.207
2814,Louie,Waterland,lwaterlandml@rediff.com,Male,7.109.131.35
2815,Phyllis,McReynolds,pmcreynoldsmm@usgs.gov,Bigender,31.70.96.21
2816,Marlane,Kobierzycki,mkobierzyckimn@wunderground.com,Agender,32.229.116.103
2817,Heinrick,Goldfinch,hgoldfinchmo@ted.com,Polygender,2.58.48.168
2818,Kira,Pochin,kpochinmp@ustream.tv,Polygender,35.215.244.173
2819,Gannie,Cutcliffe,gcutcliffemq@jimdo.com,Non-binary,36.165.31.57
2820,Rania,Rosoni,rrosonimr@storify.com,Genderfluid,60.88.190.219
2821,Aggie,Griss,agrissms@dedecms.com,Polygender,92.211.174.104
2822,Saundra,Jerzykiewicz,sjerzykiewiczmt@google.ca,Bigender,181.53.73.255
2823,Dede,Dodgson,ddodgsonmu@sfgate.com,Female,14.22.56.155
2824,Wolfy,Hutson,whutsonmv@dropbox.com,Agender,53.168.211.106
2825,Leontine,Henrie,lhenriemw@nps.gov,Genderfluid,162.230.145.129
2826,Barbette,Gerrels,bgerrelsmx@infoseek.co.jp,Polygender,15.38.109.4
2827,Marvin,Delucia,mdeluciamy@tuttocitta.it,Non-binary,220.66.237.173
2828,Hal,Echallie,hechalliemz@paginegialle.it,Polygender,33.25.50.4
2829,Bank,Attridge,battridgen0@smh.com.au,Polygender,44.104.93.146
2830,Winifred,Petrenko,wpetrenkon1@guardian.co.uk,Male,200.241.75.222
2831,Nicholle,Manuel,nmanueln2@free.fr,Polygender,7.102.159.0
2832,Stephie,Fulcher,sfulchern3@tamu.edu,Genderfluid,38.135.98.151
2833,Selig,Bakhrushin,sbakhrushinn4@deliciousdays.com,Bigender,146.130.11.145
2834,Gerardo,Sessuns,gsessunsn5@yale.edu,Agender,232.52.44.31
2835,Esther,Skones,eskonesn6@bandcamp.com,Male,36.221.208.51
2836,Hubey,Milne,hmilnen7@fastcompany.com,Polygender,30.96.21.45
2837,Eleen,Woolf,ewoolfn8@google.com.br,Non-binary,34.188.96.154
2838,Baillie,Wathan,bwathann9@vk.com,Polygender,190.188.178.82
2839,Carie,Ainger,caingerna@i2i.jp,Genderfluid,154.191.61.64
2840,Therese,Jacqueminot,tjacqueminotnb@europa.eu,Genderfluid,49.138.48.2
2841,Klara,Sarchwell,ksarchwellnc@cafepress.com,Polygender,192.134.112.166
2842,Trumann,Truett,ttruettnd@usatoday.com,Polygender,160.17.175.153
2843,Barty,Bound,bboundne@icq.com,Non-binary,105.126.160.17
2844,Dory,Poad,dpoadnf@guardian.co.uk,Genderqueer,47.90.243.223
2845,Talya,Keightley,tkeightleyng@slate.com,Polygender,26.53.14.190
2846,Grenville,Munton,gmuntonnh@4shared.com,Agender,52.242.59.21
2847,Donnie,Parnell,dparnellni@amazon.co.jp,Female,112.119.168.98
2848,Aimil,Krale,akralenj@weather.com,Genderfluid,236.159.173.219
2849,Griff,Bichener,gbichenernk@wisc.edu,Bigender,202.31.149.92
2850,Whit,Million,wmillionnl@dailymotion.com,Polygender,218.208.221.12
2851,Vivi,Chace,vchacenm@hao123.com,Female,132.32.26.114
2852,Law,Simoncini,lsimoncininn@shutterfly.com,Bigender,245.55.238.173
2853,Kale,Newstead,knewsteadno@baidu.com,Polygender,104.154.167.67
2854,Mattheus,Fellowes,mfellowesnp@a8.net,Genderqueer,231.34.128.86
2855,Conny,Iltchev,ciltchevnq@nih.gov,Female,145.122.168.219
2856,Valeria,Kenrat,vkenratnr@cbslocal.com,Genderfluid,12.115.20.138
2857,Nev,Jeenes,njeenesns@time.com,Genderqueer,226.148.197.60
2858,Anjanette,McGrae,amcgraent@wisc.edu,Polygender,181.38.145.216
2859,Helen-elizabeth,Fulun,hfulunnu@etsy.com,Male,145.76.21.238
2860,Casandra,Janikowski,cjanikowskinv@mayoclinic.com,Non-binary,151.114.14.47
2861,Vonni,Cupper,vcuppernw@nih.gov,Non-binary,176.46.142.92
2862,Erroll,Gabotti,egabottinx@ft.com,Polygender,63.21.24.208
2863,Jackie,Buckles,jbucklesny@admin.ch,Genderfluid,63.99.38.64
2864,Holt,Raynor,hraynornz@freewebs.com,Male,212.86.208.37
2865,Tiff,Karle,tkarleo0@pen.io,Genderfluid,94.94.216.11
2866,Ravid,Kilcullen,rkilculleno1@samsung.com,Genderqueer,20.34.231.145
2867,Domenic,Klammt,dklammto2@naver.com,Genderfluid,68.214.4.63
2868,Jamill,Napton,jnaptono3@wix.com,Male,149.235.108.49
2869,Dorene,Choulerton,dchoulertono4@bigcartel.com,Female,241.66.82.157
2870,Coleman,Greguol,cgreguolo5@independent.co.uk,Non-binary,179.194.42.117
2871,Jemima,Ord,jordo6@hp.com,Non-binary,157.79.221.140
2872,Vivianna,Lamanby,vlamanbyo7@nbcnews.com,Male,60.205.74.210
2873,Koo,Dibdin,kdibdino8@privacy.gov.au,Genderqueer,243.135.239.70
2874,Poppy,Gaylord,pgaylordo9@phoca.cz,Bigender,122.1.180.183
2875,Hestia,Peskett,hpeskettoa@xrea.com,Agender,145.116.32.35
2876,Duffy,Bangham,dbanghamob@hugedomains.com,Male,154.162.97.188
2877,Vince,Wixey,vwixeyoc@wufoo.com,Genderfluid,163.26.2.36
2878,Jakie,Elcom,jelcomod@geocities.com,Bigender,128.166.92.117
2879,Blinni,Lambrick,blambrickoe@icio.us,Agender,217.84.80.181
2880,Kay,Elphey,kelpheyof@statcounter.com,Genderfluid,81.122.247.41
2881,Teddy,Westwood,twestwoodog@fotki.com,Female,147.120.44.242
2882,Riobard,Tchir,rtchiroh@abc.net.au,Genderfluid,71.141.96.153
2883,Donni,Tillman,dtillmanoi@noaa.gov,Female,110.217.185.10
2884,Hilario,Attack,hattackoj@reverbnation.com,Agender,65.230.47.118
2885,Herminia,Paur,hpaurok@webs.com,Male,1.18.69.5
2886,Menard,Pagram,mpagramol@dailymotion.com,Polygender,60.33.44.134
2887,Frannie,Charopen,fcharopenom@constantcontact.com,Genderfluid,208.219.210.21
2888,Andi,Housden,ahousdenon@diigo.com,Agender,232.194.92.92
2889,Demetrius,Whistlecraft,dwhistlecraftoo@digg.com,Genderqueer,102.168.225.15
2890,Doy,Holehouse,dholehouseop@ning.com,Bigender,202.202.158.255
2891,Gertruda,Simonini,gsimoninioq@shinystat.com,Polygender,91.158.25.42
2892,Baxter,Cowpertwait,bcowpertwaitor@unesco.org,Male,52.97.230.37
2893,Farlie,Currm,fcurrmos@narod.ru,Non-binary,117.253.189.202
2894,Donn,Marians,dmariansot@gizmodo.com,Agender,131.241.145.68
2895,Edi,Spiring,espiringou@facebook.com,Female,195.217.20.113
2896,Darice,Owbridge,dowbridgeov@cbc.ca,Polygender,45.29.208.114
2897,Henrie,Guyver,hguyverow@craigslist.org,Non-binary,157.69.163.104
2898,Ulrika,Gretton,ugrettonox@jiathis.com,Male,21.210.234.164
2899,Hoyt,Newlands,hnewlandsoy@accuweather.com,Genderqueer,107.87.135.183
2900,Diena,Swine,dswineoz@google.co.jp,Bigender,91.115.41.9
2901,Sly,Tiptaft,stiptaftp0@msu.edu,Bigender,38.224.160.213
2902,Lari,Gingedale,lgingedalep1@typepad.com,Female,115.207.121.140
2903,Bertie,Desouza,bdesouzap2@craigslist.org,Polygender,253.96.250.194
2904,Jolyn,Castells,jcastellsp3@booking.com,Polygender,15.119.99.30
2905,Gaspar,Thickins,gthickinsp4@skype.com,Non-binary,127.129.162.38
2906,Mohandas,Shuard,mshuardp5@shutterfly.com,Polygender,66.150.131.24
2907,Ronnie,Bencher,rbencherp6@msu.edu,Male,137.7.204.123
2908,Sascha,MacGruer,smacgruerp7@furl.net,Genderfluid,90.75.246.55
2909,Juliette,Lezemore,jlezemorep8@zdnet.com,Agender,70.149.108.27
2910,Quinn,Alvar,qalvarp9@mlb.com,Genderqueer,23.88.247.236
2911,Falito,Kenney,fkenneypa@sogou.com,Polygender,249.77.243.68
2912,Hamlin,Yes,hyespb@vinaora.com,Genderfluid,95.5.171.92
2913,Cordie,Tarry,ctarrypc@washington.edu,Female,84.37.9.222
2914,Osmund,Dance,odancepd@flavors.me,Polygender,192.92.76.24
2915,Merna,Fownes,mfownespe@about.com,Polygender,241.128.93.30
2916,Torin,Ottley,tottleypf@freewebs.com,Bigender,125.193.85.112
2917,Ester,Jannasch,ejannaschpg@wunderground.com,Genderfluid,76.35.120.201
2918,Archaimbaud,Golbourn,agolbournph@scribd.com,Male,158.149.49.254
2919,Saunders,Shreve,sshrevepi@etsy.com,Genderfluid,192.64.179.97
2920,Harman,Burtonwood,hburtonwoodpj@gov.uk,Female,9.57.156.201
2921,Lorenzo,Shoebrook,lshoebrookpk@quantcast.com,Male,116.99.226.16
2922,Elianora,Mapholm,emapholmpl@woothemes.com,Polygender,101.61.209.97
2923,Chrotoem,Cudihy,ccudihypm@wordpress.com,Bigender,19.47.177.77
2924,Milt,Kinig,mkinigpn@people.com.cn,Genderfluid,101.171.10.191
2925,Verena,Waind,vwaindpo@squidoo.com,Agender,210.135.137.215
2926,Ulrick,Hellcat,uhellcatpp@psu.edu,Female,86.6.177.35
2927,Darrell,Fero,dferopq@google.nl,Female,187.124.30.120
2928,Eduardo,Decker,edeckerpr@google.pl,Polygender,184.10.173.86
2929,Felita,Bagot,fbagotps@histats.com,Polygender,224.16.0.234
2930,Bran,Maha,bmahapt@scribd.com,Polygender,59.241.92.153
2931,Ase,Tofanelli,atofanellipu@cam.ac.uk,Bigender,238.159.166.135
2932,Ado,Egger,aeggerpv@businessinsider.com,Male,208.253.188.187
2933,Carmela,Wedmore,cwedmorepw@bbb.org,Genderqueer,54.234.74.164
2934,Tessy,Daen,tdaenpx@tripadvisor.com,Agender,161.144.154.100
2935,Aldrich,Piniur,apiniurpy@discuz.net,Male,247.67.225.77
2936,Damaris,Earingey,dearingeypz@imageshack.us,Agender,99.116.132.193
2937,Joni,Paolillo,jpaolilloq0@cmu.edu,Genderqueer,121.189.136.169
2938,Louise,Sparrowhawk,lsparrowhawkq1@china.com.cn,Genderqueer,245.211.92.108
2939,Baxie,Murty,bmurtyq2@prweb.com,Agender,149.54.238.136
2940,Marita,O'Henecan,mohenecanq3@ihg.com,Non-binary,107.21.196.232
2941,Wolfie,Cuniam,wcuniamq4@bloglovin.com,Genderqueer,18.238.242.175
2942,Rivi,Gally,rgallyq5@cbsnews.com,Male,120.95.247.122
2943,Mattheus,Elce,melceq6@forbes.com,Polygender,234.74.26.242
2944,Ram,Odd,roddq7@google.fr,Non-binary,181.128.84.114
2945,Pier,Few,pfewq8@smugmug.com,Genderfluid,193.16.182.235
2946,Tatiana,Cancellario,tcancellarioq9@rakuten.co.jp,Bigender,145.8.86.234
2947,Piggy,Norwich,pnorwichqa@themeforest.net,Male,143.141.95.74
2948,Gwennie,Keepin,gkeepinqb@dagondesign.com,Polygender,106.56.220.253
2949,Ami,Haddow,ahaddowqc@mapy.cz,Polygender,195.222.241.255
2950,Karly,Sisley,ksisleyqd@pen.io,Agender,87.45.166.161
2951,Kaiser,Grunnill,kgrunnillqe@home.pl,Genderqueer,1.249.10.124
2952,Sullivan,Beacock,sbeacockqf@hhs.gov,Polygender,109.46.218.44
2953,Nixie,Juste,njusteqg@archive.org,Non-binary,73.163.212.81
2954,Lilas,Mutter,lmutterqh@sohu.com,Female,183.254.253.125
2955,Quincey,Schistl,qschistlqi@hugedomains.com,Male,248.159.247.32
2956,Zeke,Canto,zcantoqj@java.com,Bigender,220.89.129.185
2957,Bentlee,Kowal,bkowalqk@seesaa.net,Polygender,132.115.251.146
2958,Nickolaus,Galland,ngallandql@ucsd.edu,Male,255.247.0.10
2959,Kalvin,Ferry,kferryqm@t.co,Polygender,227.206.148.100
2960,James,Dumelow,jdumelowqn@google.com.au,Bigender,148.186.197.60
2961,Rina,Raecroft,rraecroftqo@typepad.com,Male,200.255.218.150
2962,Melosa,Trees,mtreesqp@about.me,Agender,0.116.34.241
2963,Gordon,Hayller,ghayllerqq@oracle.com,Polygender,135.237.206.235
2964,Esma,Atlay,eatlayqr@google.ru,Non-binary,178.53.63.163
2965,Dar,Yarnall,dyarnallqs@squarespace.com,Bigender,107.56.241.128
2966,Sula,Willowby,swillowbyqt@bbc.co.uk,Genderfluid,168.61.54.40
2967,Cly,Matz,cmatzqu@icio.us,Genderqueer,69.214.161.133
2968,Sari,Tome,stomeqv@apple.com,Male,138.85.171.61
2969,Mattheus,Dik,mdikqw@squidoo.com,Female,103.228.61.99
2970,Shalom,Pack,spackqx@mozilla.com,Polygender,223.22.11.21
2971,Ethyl,Shute,eshuteqy@phpbb.com,Genderfluid,229.15.193.227
2972,Emma,Conyard,econyardqz@mit.edu,Non-binary,27.94.174.211
2973,Joyan,Larwell,jlarwellr0@zimbio.com,Genderqueer,67.83.209.254
2974,Steffen,Stapele,sstapeler1@mayoclinic.com,Female,12.37.61.69
2975,Reena,Leversuch,rleversuchr2@arizona.edu,Female,54.157.187.218
2976,Mandel,Velti,mveltir3@dot.gov,Polygender,8.124.128.103
2977,Baird,Hebdon,bhebdonr4@ft.com,Agender,156.170.227.54
2978,Eddie,Ironmonger,eironmongerr5@deliciousdays.com,Non-binary,17.86.240.80
2979,Latia,Soppett,lsoppettr6@msn.com,Male,21.199.111.181
2980,Juditha,Giovanni,jgiovannir7@java.com,Bigender,212.177.186.18
2981,Berri,Cokayne,bcokayner8@google.fr,Polygender,176.9.20.204
2982,Rozella,Lathleiffure,rlathleiffurer9@webs.com,Genderqueer,134.49.233.151
2983,Elset,Martensen,emartensenra@thetimes.co.uk,Female,13.95.96.137
2984,Lucille,Vyse,lvyserb@moonfruit.com,Genderqueer,135.10.140.32
2985,Jack,Ville,jvillerc@digg.com,Polygender,83.199.23.151
2986,Malynda,Fairest,mfairestrd@php.net,Male,77.209.91.250
2987,Amalie,Rizzini,arizzinire@last.fm,Genderfluid,218.90.46.192
2988,Malachi,Bunclark,mbunclarkrf@mit.edu,Genderqueer,240.4.218.235
2989,Niel,Gillimgham,ngillimghamrg@illinois.edu,Polygender,227.247.60.77
2990,Raimund,Brims,rbrimsrh@about.me,Genderfluid,65.211.169.243
2991,Rouvin,Jorez,rjorezri@booking.com,Female,130.232.9.90
2992,Sabrina,Franzini,sfranzinirj@flavors.me,Bigender,166.111.244.254
2993,Daisi,Strangman,dstrangmanrk@statcounter.com,Non-binary,250.9.119.36
2994,Garnet,Anglin,ganglinrl@fema.gov,Female,16.76.33.82
2995,Torrie,Haulkham,thaulkhamrm@hubpages.com,Agender,28.14.127.141
2996,Phebe,Fills,pfillsrn@scientificamerican.com,Genderqueer,154.141.242.64
2997,Gwendolen,Spurret,gspurretro@miitbeian.gov.cn,Female,132.39.172.178
2998,Sheila-kathryn,Bussons,sbussonsrp@goodreads.com,Genderfluid,1.198.81.11
2999,Zacharias,Colmore,zcolmorerq@theguardian.com,Female,196.249.19.107
3000,Tamas,Croke,tcrokerr@marketwatch.com,Female,164.213.101.249
