entity name,first_name,last_name,email,gender,ip_address
3001,Andy,Hutton,ahutton0@example.com,Non-binary,27.125.9.138
3002,Giff,Vauter,gvauter1@hostgator.com,Polygender,250.180.34.20
3003,Felisha,Tweedle,ftweedle2@economist.com,Female,5.217.150.73
3004,Fields,Beardmore,fbeardmore3@cnbc.com,Agender,186.113.16.143
3005,Rozina,Bromehead,rbromehead4@samsung.com,Genderfluid,240.125.28.187
3006,Alyce,Fedorski,afedorski5@goo.gl,Non-binary,216.47.160.166
3007,Seka,De La Salle,sdelasalle6@google.it,Male,180.192.170.124
3008,Erma,Perchard,eperchard7@walmart.com,Agender,125.204.102.27
3009,Moira,Pursglove,mpursglove8@alexa.com,Agender,85.193.170.228
3010,Garvy,Olyonov,golyonov9@admin.ch,Non-binary,243.110.167.85
3011,Judd,Hourahan,jhourahana@networksolutions.com,Genderqueer,89.138.224.160
3012,Hadleigh,Jeannon,hjeannonb@bandcamp.com,Agender,23.214.246.248
3013,Cecil,Boerder,cboerderc@dedecms.com,Male,126.216.41.115
3014,Adelaide,Lankford,alankfordd@hp.com,Polygender,132.152.117.246
3015,Alexine,Cousens,acousense@vistaprint.com,Non-binary,218.185.232.191
3016,Hewie,Bowller,hbowllerf@wsj.com,Bigender,252.29.137.64
3017,Westbrooke,Grigorio,wgrigoriog@issuu.com,Genderfluid,214.1.46.111
3018,Jaime,Ransome,jransomeh@nbcnews.com,Bigender,204.112.24.132
3019,Mervin,Tomlinson,mtomlinsoni@drupal.org,Polygender,60.227.213.227
3020,Cozmo,Leirmonth,cleirmonthj@oracle.com,Non-binary,247.57.16.58
3021,Krystyna,Bysaker,kbysakerk@storify.com,Polygender,68.165.1.40
3022,Buddy,Groveham,bgrovehaml@miitbeian.gov.cn,Female,41.244.6.234
3023,Thatch,Menis,tmenism@buzzfeed.com,Polygender,233.83.84.230
3024,Boote,Lippard,blippardn@icq.com,Bigender,43.158.224.18
3025,Patricio,Lockart,plockarto@cafepress.com,Genderqueer,136.159.223.212
3026,Saleem,Kermannes,skermannesp@chron.com,Female,18.35.248.185
3027,Leslie,Riccio,lriccioq@berkeley.edu,Bigender,83.47.60.237
3028,Dominique,Sandyford,dsandyfordr@businessinsider.com,Male,166.247.255.143
3029,Lanny,O'Corrigane,locorriganes@netscape.com,Non-binary,70.78.94.40
3030,Judye,Drance,jdrancet@army.mil,Genderqueer,106.106.254.76
3031,Natalee,Linsley,nlinsleyu@tamu.edu,Female,255.155.235.72
3032,Sheffield,Muller,smullerv@usnews.com,Polygender,241.83.192.145
3033,Clara,Casbourne,ccasbournew@pen.io,Genderfluid,84.227.32.155
3034,Ulrike,McGoogan,umcgooganx@stanford.edu,Non-binary,250.239.167.196
3035,Zebulon,Grasner,zgrasnery@irs.gov,Polygender,89.253.250.160
3036,Calida,Gelardi,cgelardiz@themeforest.net,Bigender,39.19.19.163
3037,Sapphire,Wilson,swilson10@ihg.com,Male,152.188.79.222
3038,Neely,Casari,ncasari11@whitehouse.gov,Genderfluid,70.245.249.112
3039,Raymond,Klemensiewicz,rklemensiewicz12@scientificamerican.com,Male,74.130.120.70
3040,Tandie,Gutowski,tgutowski13@usnews.com,Polygender,120.238.205.10
3041,Allianora,Clapson,aclapson14@ifeng.com,Polygender,156.220.64.165
3042,Kissiah,Chaudrelle,kchaudrelle15@mashable.com,Agender,68.45.213.150
3043,Cris,O'Concannon,coconcannon16@msn.com,Male,18.250.161.235
3044,Emyle,D'Onisi,edonisi17@weather.com,Non-binary,149.70.33.106
3045,Benedikt,Perrat,bperrat18@unc.edu,Genderqueer,148.246.127.65
3046,Larisa,Daborn,ldaborn19@webmd.com,Non-binary,219.44.244.192
3047,Nollie,Gianetti,ngianetti1a@biblegateway.com,Polygender,254.129.76.235
3048,Elberta,Bugler,ebugler1b@ow.ly,Genderfluid,101.122.10.196
3049,Coralyn,Feron,cferon1c@seesaa.net,Genderfluid,19.137.92.158
3050,Sinclare,Piggot,spiggot1d@skyrock.com,Female,64.246.105.144
3051,Clemmy,Kenneford,ckenneford1e@scientificamerican.com,Genderfluid,224.79.76.124
3052,Isacco,Wrightham,iwrightham1f@miibeian.gov.cn,Female,94.240.80.104
3053,Jaimie,Reymers,jreymers1g@google.com.au,Polygender,4.124.112.67
3054,Fania,Carlick,fcarlick1h@hc360.com,Male,213.111.57.189
3055,Dory,Thurley,dthurley1i@latimes.com,Agender,247.123.220.60
3056,Mischa,Lippingwell,mlippingwell1j@reference.com,Genderqueer,3.123.16.83
3057,Philip,Craister,pcraister1k@amazon.com,Genderfluid,184.212.155.120
3058,Caryn,Hanhardt,chanhardt1l@cornell.edu,Female,167.46.224.179
3059,Rooney,Blackly,rblackly1m@miibeian.gov.cn,Genderfluid,164.102.170.224
3060,Clarabelle,Cradoc,ccradoc1n@sakura.ne.jp,Bigender,140.4.90.122
3061,Ulrich,Crannage,ucrannage1o@discovery.com,Polygender,108.54.115.157
3062,Tucky,Lambal,tlambal1p@auda.org.au,Agender,191.26.56.57
3063,Mort,Bush,mbush1q@wikipedia.org,Agender,23.227.33.145
3064,Shanon,Edmondson,sedmondson1r@360.cn,Agender,38.12.47.61
3065,Alexandrina,Brayfield,abrayfield1s@edublogs.org,Genderfluid,140.100.153.155
3066,Zonnya,Heinreich,zheinreich1t@businessinsider.com,Male,222.80.99.242
3067,Hanson,Forsaith,hforsaith1u@vimeo.com,Polygender,244.23.245.160
3068,Joe,Decort,jdecort1v@dion.ne.jp,Bigender,58.10.164.192
3069,Carling,Mowatt,cmowatt1w@wp.com,Agender,7.151.74.83
3070,Alister,Currin,acurrin1x@behance.net,Genderfluid,61.4.71.224
3071,Emili,Penwarden,epenwarden1y@intel.com,Female,120.23.21.133
3072,Ripley,Boliver,rboliver1z@booking.com,Genderqueer,188.221.210.112
3073,Wash,Kield,wkield20@indiegogo.com,Agender,247.99.94.213
3074,Norbert,Collip,ncollip21@delicious.com,Male,42.102.105.10
3075,Barthel,Glenfield,bglenfield22@taobao.com,Female,66.55.4.2
3076,Knox,Mingasson,kmingasson23@rambler.ru,Non-binary,44.255.110.104
3077,Caroline,Tennick,ctennick24@vk.com,Non-binary,222.79.207.237
3078,Sada,Busk,sbusk25@buzzfeed.com,Bigender,130.231.84.55
3079,Orville,Staries,ostaries26@amazonaws.com,Non-binary,13.157.230.117
3080,Claudius,Cock,ccock27@archive.org,Female,49.51.189.47
3081,Barbara-anne,Kinneir,bkinneir28@intel.com,Polygender,227.57.3.211
3082,Jone,Popov,jpopov29@sun.com,Polygender,100.188.235.131
3083,Helaine,Guilford,hguilford2a@ask.com,Male,205.97.2.221
3084,Joy,Mitchelmore,jmitchelmore2b@storify.com,Polygender,7.177.121.221
3085,Carmela,Treasure,ctreasure2c@nydailynews.com,Non-binary,126.100.198.142
3086,Hayley,Crittal,hcrittal2d@youku.com,Genderqueer,223.179.123.252
3087,Herb,Holdin,hholdin2e@java.com,Non-binary,120.147.228.119
3088,Ashil,Jewise,ajewise2f@oaic.gov.au,Female,58.96.21.139
3089,Iolande,Trays,itrays2g@networkadvertising.org,Male,232.186.214.36
3090,Germain,Bilfoot,gbilfoot2h@imgur.com,Agender,48.224.90.222
3091,Desiri,Brobak,dbrobak2i@dyndns.org,Male,99.253.79.30
3092,Clemmie,Omond,comond2j@elpais.com,Agender,19.57.221.193
3093,Lindon,Cropp,lcropp2k@diigo.com,Genderfluid,103.129.50.162
3094,Leticia,Hecks,lhecks2l@discuz.net,Agender,239.100.166.147
3095,Collette,Keilty,ckeilty2m@tiny.cc,Genderqueer,108.101.29.129
3096,Chantal,Segrott,csegrott2n@addtoany.com,Polygender,193.35.135.218
3097,Shandee,Toopin,stoopin2o@opera.com,Bigender,92.198.14.123
3098,Randy,Lensch,rlensch2p@economist.com,Male,21.115.67.181
3099,Kitty,Janssen,kjanssen2q@nationalgeographic.com,Agender,211.184.225.189
3100,Meryl,Buxsy,mbuxsy2r@apple.com,Male,178.213.20.237
3101,Queenie,Kellog,qkellog2s@umn.edu,Genderfluid,4.109.126.126
3102,Karlene,Wickling,kwickling2t@chicagotribune.com,Polygender,213.220.6.158
3103,Parrnell,Rama,prama2u@nhs.uk,Bigender,248.160.241.45
3104,Davina,Teissier,dteissier2v@last.fm,Genderfluid,47.200.192.206
3105,Carmel,Bruhnke,cbruhnke2w@time.com,Female,161.8.89.230
3106,Cirstoforo,Roffe,croffe2x@state.tx.us,Polygender,190.234.187.172
3107,Amity,Reeday,areeday2y@cdbaby.com,Male,143.7.16.14
3108,Petrina,Blezard,pblezard2z@netlog.com,Female,215.53.53.101
3109,Hermon,Kite,hkite30@yandex.ru,Non-binary,148.152.124.28
3110,Deanne,Barnson,dbarnson31@bing.com,Bigender,240.31.46.1
3111,Joannes,Burchess,jburchess32@stanford.edu,Bigender,192.204.41.126
3112,Stefanie,Hardinge,shardinge33@google.cn,Female,74.129.242.157
3113,Annmarie,Courtin,acourtin34@google.es,Non-binary,239.163.115.144
3114,Prudy,Eeles,peeles35@stanford.edu,Genderqueer,199.152.92.188
3115,Humbert,Rolfs,hrolfs36@gnu.org,Bigender,8.251.219.208
3116,Cordy,Kemball,ckemball37@deviantart.com,Bigender,126.118.12.245
3117,Travis,O'Cannavan,tocannavan38@cnn.com,Genderqueer,197.116.168.85
3118,Annadiana,Tesyro,atesyro39@jigsy.com,Bigender,26.151.97.216
3119,Dick,Ghidetti,dghidetti3a@opera.com,Polygender,146.77.24.201
3120,Erina,Courvert,ecourvert3b@typepad.com,Non-binary,79.236.249.247
3121,Callean,Pollok,cpollok3c@exblog.jp,Non-binary,61.118.160.5
3122,Jaclyn,Danilchenko,jdanilchenko3d@google.nl,Genderqueer,83.215.157.38
3123,Abigale,Goldthorpe,agoldthorpe3e@t.co,Polygender,135.227.189.233
3124,Henka,Sayward,hsayward3f@topsy.com,Polygender,163.250.182.79
3125,Blair,Dietz,bdietz3g@boston.com,Agender,36.64.88.161
3126,Gabey,Morforth,gmorforth3h@vinaora.com,Agender,36.129.48.94
3127,Barr,Lefever,blefever3i@eepurl.com,Agender,202.243.77.82
3128,Frasco,Mawford,fmawford3j@sphinn.com,Genderqueer,7.142.100.139
3129,Fons,Giacomazzo,fgiacomazzo3k@ocn.ne.jp,Agender,37.127.98.47
3130,Olva,Borg,oborg3l@cpanel.net,Genderfluid,83.24.230.50
3131,Norean,Veljes,nveljes3m@infoseek.co.jp,Genderqueer,209.77.41.64
3132,Kariotta,Oxenford,koxenford3n@wikimedia.org,Genderqueer,22.122.140.22
3133,Wit,Bodleigh,wbodleigh3o@japanpost.jp,Non-binary,183.219.137.196
3134,Bearnard,Whodcoat,bwhodcoat3p@ebay.co.uk,Male,186.4.254.198
3135,Ora,Klimaszewski,oklimaszewski3q@pcworld.com,Female,219.32.131.55
3136,Swen,Ennor,sennor3r@odnoklassniki.ru,Genderfluid,168.38.51.242
3137,Em,Jeenes,ejeenes3s@mapy.cz,Genderqueer,18.184.155.177
3138,Emily,Labusquiere,elabusquiere3t@bluehost.com,Agender,50.124.255.180
3139,Rozalie,Buckby,rbuckby3u@nsw.gov.au,Female,82.37.60.95
3140,Robbi,Yepiskopov,ryepiskopov3v@csmonitor.com,Bigender,207.17.110.133
3141,Janaya,Stibbs,jstibbs3w@pbs.org,Female,235.101.172.69
3142,Marlie,Hindshaw,mhindshaw3x@cloudflare.com,Female,67.235.213.1
3143,Gage,Molyneaux,gmolyneaux3y@google.cn,Polygender,7.170.124.189
3144,Kyle,Maycock,kmaycock3z@squarespace.com,Male,167.49.138.211
3145,Philippine,Lyptrade,plyptrade40@ning.com,Agender,23.35.94.233
3146,Clarisse,Bartolommeo,cbartolommeo41@yahoo.co.jp,Genderfluid,180.166.71.174
3147,Roslyn,Boucher,rboucher42@jigsy.com,Polygender,6.225.149.106
3148,Kalvin,Abotson,kabotson43@reddit.com,Male,186.189.48.96
3149,Elspeth,Graber,egraber44@chron.com,Female,161.229.189.79
3150,Yoko,Papes,ypapes45@altervista.org,Genderfluid,109.213.88.84
3151,Ines,McGlew,imcglew46@tiny.cc,Polygender,64.136.13.154
3152,Edin,Jeffers,ejeffers47@skype.com,Agender,82.180.150.51
3153,Rory,Edgars,redgars48@cnbc.com,Polygender,1.28.166.99
3154,Aleda,Semmence,asemmence49@jugem.jp,Male,50.98.43.78
3155,Waite,Pemberton,wpemberton4a@archive.org,Bigender,145.18.66.127
3156,Thatcher,Tordiffe,ttordiffe4b@posterous.com,Genderqueer,48.15.153.57
3157,Mohandas,Talkington,mtalkington4c@posterous.com,Polygender,214.220.113.27
3158,Linell,Chazier,lchazier4d@psu.edu,Bigender,166.178.79.133
3159,Sabrina,Olphert,solphert4e@mayoclinic.com,Polygender,91.16.109.171
3160,Justen,Dubbin,jdubbin4f@blogspot.com,Genderqueer,88.24.241.133
3161,Manda,Filintsev,mfilintsev4g@aboutads.info,Genderqueer,108.55.159.193
3162,Antonina,McKelloch,amckelloch4h@usatoday.com,Genderfluid,181.125.93.4
3163,Phillipe,Le Noire,plenoire4i@java.com,Genderfluid,26.173.18.2
3164,Brigg,Kindell,bkindell4j@bloglovin.com,Female,169.139.45.69
3165,Terry,Glennon,tglennon4k@mapy.cz,Female,104.237.177.193
3166,Xerxes,Grigolashvill,xgrigolashvill4l@slideshare.net,Genderqueer,195.176.203.86
3167,Aura,Petts,apetts4m@baidu.com,Female,230.169.207.47
3168,Rosetta,Dunnan,rdunnan4n@smugmug.com,Male,200.107.136.74
3169,Bambi,Abramovici,babramovici4o@netvibes.com,Female,112.255.139.80
3170,Raven,Matoshin,rmatoshin4p@arizona.edu,Male,66.201.58.172
3171,Andie,Merrill,amerrill4q@wikispaces.com,Genderfluid,59.88.43.193
3172,Noell,Garwill,ngarwill4r@spiegel.de,Bigender,161.27.102.192
3173,Carmencita,Handaside,chandaside4s@uol.com.br,Female,164.91.220.157
3174,Giraldo,De Malchar,gdemalchar4t@last.fm,Non-binary,218.9.76.93
3175,Royall,Swan,rswan4u@i2i.jp,Genderqueer,242.238.149.186
3176,Tessy,McKinley,tmckinley4v@springer.com,Female,78.6.45.0
3177,Renado,Quinton,rquinton4w@smugmug.com,Female,253.97.75.195
3178,Mechelle,Moverley,mmoverley4x@gov.uk,Bigender,149.109.42.243
3179,Judd,Parkes,jparkes4y@netlog.com,Polygender,150.128.75.192
3180,Luise,Tomasello,ltomasello4z@delicious.com,Male,99.86.46.74
3181,Tisha,Espy,tespy50@yahoo.co.jp,Male,174.242.6.68
3182,Denise,Stallibrass,dstallibrass51@house.gov,Male,156.7.48.165
3183,Goldarina,Valentine,gvalentine52@ted.com,Agender,226.36.179.246
3184,Lexy,Tew,ltew53@bandcamp.com,Female,39.236.146.36
3185,Kirsten,Beaconsall,kbeaconsall54@virginia.edu,Agender,175.154.135.243
3186,Ardyce,Eade,aeade55@amazon.de,Male,115.115.58.105
3187,Eloisa,Iacovone,eiacovone56@newsvine.com,Female,87.251.210.226
3188,Debora,Ceschelli,dceschelli57@desdev.cn,Male,94.112.88.81
3189,Valene,Fanton,vfanton58@paypal.com,Male,65.77.238.104
3190,Faunie,Ickovits,fickovits59@cisco.com,Genderqueer,137.197.9.151
3191,Damaris,Paull,dpaull5a@census.gov,Female,1.36.32.172
3192,Feliks,Esel,fesel5b@berkeley.edu,Male,160.254.47.159
3193,Yvon,Meindl,ymeindl5c@i2i.jp,Female,207.8.172.15
3194,Abba,Bentje,abentje5d@sohu.com,Male,247.212.224.131
3195,Judith,Daddow,jdaddow5e@amazon.co.jp,Genderqueer,184.49.31.155
3196,Randy,How to preserve,rhowtopreserve5f@hp.com,Genderqueer,95.55.226.225
3197,Boote,Korpal,bkorpal5g@oakley.com,Genderfluid,172.34.53.83
3198,North,Bes,nbes5h@nationalgeographic.com,Male,221.235.193.143
3199,Izaak,Haddock,ihaddock5i@skyrock.com,Genderqueer,93.83.218.87
3200,Matt,Penhalurick,mpenhalurick5j@about.com,Bigender,142.146.123.43
3201,Justen,Twigger,jtwigger5k@fema.gov,Genderfluid,180.204.67.4
3202,Ragnar,Tilby,rtilby5l@storify.com,Male,18.175.242.179
3203,Abdul,Carbett,acarbett5m@squidoo.com,Male,230.245.142.114
3204,Dee,Giacopini,dgiacopini5n@independent.co.uk,Genderfluid,192.146.183.85
3205,Lesley,Hannah,lhannah5o@privacy.gov.au,Male,66.23.242.83
3206,Hiram,Maddox,hmaddox5p@lulu.com,Genderfluid,86.97.241.247
3207,Ferdy,McEllen,fmcellen5q@biglobe.ne.jp,Agender,14.136.220.17
3208,Lilah,Stealy,lstealy5r@nba.com,Polygender,106.116.126.246
3209,Gilligan,Christofe,gchristofe5s@dyndns.org,Non-binary,100.163.5.132
3210,Talbot,Coales,tcoales5t@harvard.edu,Agender,246.48.120.209
3211,Tonia,Renfield,trenfield5u@telegraph.co.uk,Female,17.180.162.172
3212,Brewer,Fantham,bfantham5v@patch.com,Non-binary,187.172.166.214
3213,Brinna,Morigan,bmorigan5w@msu.edu,Genderfluid,171.77.208.198
3214,Jillian,Tomasek,jtomasek5x@sfgate.com,Polygender,138.29.211.36
3215,Denys,Bunney,dbunney5y@nasa.gov,Genderfluid,6.71.213.32
3216,Greta,Hauck,ghauck5z@chronoengine.com,Bigender,46.93.254.131
3217,Glynda,Gress,ggress60@bloglines.com,Genderfluid,61.165.152.97
3218,Keefe,Eitter,keitter61@latimes.com,Male,104.64.161.143
3219,Peri,Croome,pcroome62@cargocollective.com,Non-binary,16.65.111.3
3220,Joannes,Nairns,jnairns63@w3.org,Male,184.76.47.193
3221,Marie-ann,Plank,mplank64@sfgate.com,Male,75.33.253.17
3222,Fairlie,Shernock,fshernock65@histats.com,Genderfluid,66.96.46.78
3223,Jecho,Barrick,jbarrick66@wunderground.com,Female,134.61.55.55
3224,Caryl,Emm,cemm67@macromedia.com,Non-binary,45.99.145.89
3225,Loralee,Basset,lbasset68@patch.com,Bigender,70.236.8.199
3226,Cordy,Skippings,cskippings69@goo.ne.jp,Genderfluid,195.77.64.246
3227,Borg,Rubinsohn,brubinsohn6a@guardian.co.uk,Non-binary,222.235.64.132
3228,Maryanna,Skurm,mskurm6b@springer.com,Genderfluid,74.80.236.235
3229,Gillian,Gingel,ggingel6c@wufoo.com,Polygender,159.133.89.45
3230,Shayla,Cancellieri,scancellieri6d@google.ca,Bigender,48.245.172.158
3231,Howard,Tritten,htritten6e@nhs.uk,Male,252.184.40.228
3232,Phillip,McIlharga,pmcilharga6f@wikispaces.com,Genderqueer,251.29.52.0
3233,Emmerich,Shrimpling,eshrimpling6g@skyrock.com,Genderfluid,64.186.112.5
3234,Raddie,Wellstood,rwellstood6h@bloomberg.com,Genderqueer,22.254.100.251
3235,Kathy,Dirand,kdirand6i@ucla.edu,Bigender,178.190.96.49
3236,Enrika,Gerriet,egerriet6j@ca.gov,Female,36.213.145.119
3237,Karry,Janca,kjanca6k@studiopress.com,Bigender,102.124.179.215
3238,Melany,Aitken,maitken6l@gov.uk,Agender,191.189.88.157
3239,Leupold,Henric,lhenric6m@narod.ru,Male,53.222.191.228
3240,Ignazio,McDougald,imcdougald6n@studiopress.com,Non-binary,165.189.253.101
3241,Marleen,Morrallee,mmorrallee6o@a8.net,Agender,111.125.88.143
3242,Luci,Nevison,lnevison6p@mac.com,Bigender,38.165.202.195
3243,Zia,Leighfield,zleighfield6q@craigslist.org,Non-binary,173.15.11.244
3244,Leena,Bullingham,lbullingham6r@last.fm,Female,227.114.80.161
3245,Netta,Vedekhov,nvedekhov6s@shareasale.com,Non-binary,16.249.129.189
3246,Ophelia,Duxbury,oduxbury6t@prnewswire.com,Bigender,19.216.12.161
3247,Falkner,Connealy,fconnealy6u@g.co,Male,28.249.175.122
3248,Jarad,Kennifick,jkennifick6v@ox.ac.uk,Polygender,163.154.239.112
3249,Alonso,Lambersen,alambersen6w@techcrunch.com,Male,223.136.187.44
3250,Mufinella,Stedell,mstedell6x@scientificamerican.com,Genderqueer,154.182.184.87
3251,Freeland,Stoodale,fstoodale6y@bing.com,Bigender,196.68.154.196
3252,Roselle,Hiddy,rhiddy6z@arstechnica.com,Female,253.24.123.84
3253,Pascale,Ruseworth,pruseworth70@imageshack.us,Genderqueer,28.201.93.98
3254,Edna,Digan,edigan71@chron.com,Male,63.36.16.24
3255,Justus,Rutherford,jrutherford72@surveymonkey.com,Genderfluid,59.177.112.172
3256,Ransom,MacShirie,rmacshirie73@independent.co.uk,Polygender,34.109.180.68
3257,Danila,Navan,dnavan74@instagram.com,Polygender,224.176.102.56
3258,Rachel,Becerra,rbecerra75@paginegialle.it,Male,158.72.56.3
3259,Lara,Dallimore,ldallimore76@guardian.co.uk,Bigender,6.8.202.50
3260,Jyoti,Birbeck,jbirbeck77@is.gd,Genderfluid,185.219.127.189
3261,Ulrica,Brookwood,ubrookwood78@g.co,Male,118.174.184.157
3262,Travus,Burthom,tburthom79@uol.com.br,Non-binary,109.213.56.126
3263,Ursula,Ordemann,uordemann7a@vk.com,Non-binary,222.180.18.132
3264,Valentijn,McIlherran,vmcilherran7b@weibo.com,Non-binary,4.137.99.34
3265,Edgard,Schulz,eschulz7c@webs.com,Polygender,82.59.193.234
3266,Christie,Grievson,cgrievson7d@ovh.net,Polygender,187.144.43.46
3267,Garek,de Keep,gdekeep7e@discuz.net,Genderqueer,45.3.144.92
3268,Ches,Gravie,cgravie7f@howstuffworks.com,Non-binary,243.146.211.252
3269,Chevalier,Andreev,candreev7g@spiegel.de,Genderqueer,63.51.179.165
3270,Sela,Bennen,sbennen7h@geocities.jp,Genderfluid,116.130.2.156
3271,Tomlin,Willcott,twillcott7i@indiatimes.com,Female,49.196.129.193
3272,Carny,Feldfisher,cfeldfisher7j@addthis.com,Bigender,124.80.239.130
3273,Fayth,Soames,fsoames7k@networkadvertising.org,Genderqueer,153.172.31.212
3274,Karrah,Benns,kbenns7l@rakuten.co.jp,Agender,138.37.92.139
3275,Jeane,Greenslade,jgreenslade7m@nymag.com,Bigender,140.20.211.70
3276,Philomena,Markie,pmarkie7n@scribd.com,Female,196.131.34.210
3277,Katrina,Harrowell,kharrowell7o@cdbaby.com,Bigender,217.90.113.101
3278,Robbin,Shivell,rshivell7p@yellowbook.com,Female,242.94.236.101
3279,Ephraim,Elves,eelves7q@macromedia.com,Bigender,70.10.112.15
3280,Darius,Panner,dpanner7r@yellowbook.com,Polygender,109.104.33.237
3281,Kellsie,Sabati,ksabati7s@usda.gov,Female,234.32.249.168
3282,Francesca,Birtle,fbirtle7t@ibm.com,Genderqueer,97.126.214.47
3283,Allina,Baulch,abaulch7u@upenn.edu,Bigender,234.42.237.66
3284,Luce,Caller,lcaller7v@un.org,Polygender,101.5.100.246
3285,Eimile,Bendley,ebendley7w@aboutads.info,Agender,246.20.207.117
3286,Parnell,Lushey,plushey7x@slate.com,Agender,141.52.182.111
3287,Howard,Lovel,hlovel7y@xing.com,Agender,30.225.214.206
3288,Gilbert,Crowcombe,gcrowcombe7z@opensource.org,Genderfluid,206.184.133.41
3289,Juliane,Nertney,jnertney80@wikia.com,Bigender,38.109.175.22
3290,Terza,Sackur,tsackur81@privacy.gov.au,Bigender,197.213.56.248
3291,Eadie,Devinn,edevinn82@behance.net,Bigender,58.178.141.99
3292,Willa,Selwyn,wselwyn83@hibu.com,Genderfluid,66.157.14.54
3293,Edita,Brommage,ebrommage84@homestead.com,Male,83.219.138.74
3294,Frederique,Lynd,flynd85@plala.or.jp,Bigender,90.180.223.54
3295,Pepita,Van Der Weedenburg,pvanderweedenburg86@privacy.gov.au,Bigender,12.135.62.237
3296,Ines,Soule,isoule87@comcast.net,Bigender,246.70.249.17
3297,Stafford,Albon,salbon88@chron.com,Genderfluid,176.219.244.51
3298,Pennie,Osgar,posgar89@reuters.com,Non-binary,234.249.216.227
3299,Claire,Tollet,ctollet8a@csmonitor.com,Bigender,71.14.127.77
3300,Emmey,Cratere,ecratere8b@about.com,Polygender,30.31.43.251
3301,Ives,Bemwell,ibemwell8c@sun.com,Non-binary,45.237.37.122
3302,Barbey,Regenhardt,bregenhardt8d@gnu.org,Bigender,18.93.18.2
3303,Joyan,Pilgrim,jpilgrim8e@illinois.edu,Agender,121.187.104.12
3304,Alastair,Buddles,abuddles8f@ning.com,Male,168.87.216.229
3305,Colver,Townley,ctownley8g@globo.com,Male,30.21.46.5
3306,Bambie,Graybeal,bgraybeal8h@usa.gov,Non-binary,230.54.33.246
3307,Eleanore,Nash,enash8i@wikia.com,Bigender,100.239.78.219
3308,Wat,Netting,wnetting8j@storify.com,Polygender,88.70.254.21
3309,Hilly,Ivachyov,hivachyov8k@bloglovin.com,Genderqueer,198.46.54.243
3310,Rawley,Flewett,rflewett8l@networkadvertising.org,Polygender,48.200.228.94
3311,Maxie,Falcus,mfalcus8m@360.cn,Non-binary,224.118.97.243
3312,Ellyn,Horsefield,ehorsefield8n@dropbox.com,Female,106.160.51.239
3313,Inness,Chesnut,ichesnut8o@sfgate.com,Genderqueer,31.21.230.181
3314,Nadiya,Nealey,nnealey8p@ebay.co.uk,Non-binary,83.237.18.6
3315,Genni,Daine,gdaine8q@aboutads.info,Genderqueer,89.217.227.27
3316,Kristan,Frayn,kfrayn8r@pen.io,Agender,150.229.3.91
3317,Vernor,Linstead,vlinstead8s@last.fm,Polygender,149.74.78.93
3318,Hartley,Ackenhead,hackenhead8t@bravesites.com,Non-binary,186.98.140.247
3319,Kass,Slides,kslides8u@businessweek.com,Non-binary,206.222.71.80
3320,Dannel,Sunter,dsunter8v@intel.com,Male,176.217.187.206
3321,Curcio,Tirkin,ctirkin8w@theglobeandmail.com,Non-binary,200.37.132.17
3322,Jule,Ivanonko,jivanonko8x@hexun.com,Polygender,37.104.41.229
3323,Lowell,Heyworth,lheyworth8y@statcounter.com,Bigender,157.81.225.218
3324,Kerwin,Coey,kcoey8z@earthlink.net,Genderqueer,157.182.221.100
3325,Hyacinthia,Cattermoul,hcattermoul90@e-recht24.de,Genderfluid,168.90.54.98
3326,Mario,Pitkeathley,mpitkeathley91@yandex.ru,Polygender,64.187.58.109
3327,Etti,Swatheridge,eswatheridge92@harvard.edu,Agender,138.138.192.114
3328,Deloria,Shefton,dshefton93@bravesites.com,Genderqueer,232.74.105.12
3329,Horacio,Frances,hfrances94@amazon.co.uk,Female,110.91.185.198
3330,Jania,Crowley,jcrowley95@ed.gov,Non-binary,61.128.154.211
3331,Krystle,Battaille,kbattaille96@ovh.net,Non-binary,88.10.164.172
3332,Eachelle,Marchment,emarchment97@spotify.com,Genderqueer,131.232.226.223
3333,Averil,Barnsdale,abarnsdale98@opera.com,Male,127.105.42.62
3334,Karilynn,Crabb,kcrabb99@sbwire.com,Female,58.8.202.154
3335,Westbrooke,Beven,wbeven9a@webeden.co.uk,Bigender,100.245.69.142
3336,Linn,Bolwell,lbolwell9b@google.com.hk,Female,66.118.234.81
3337,Jeremiah,Gogarty,jgogarty9c@icq.com,Bigender,137.36.52.22
3338,Laryssa,Hirjak,lhirjak9d@nasa.gov,Genderfluid,27.148.125.41
3339,Randell,Hailey,rhailey9e@theguardian.com,Agender,138.195.103.218
3340,Jarrid,Pree,jpree9f@scientificamerican.com,Genderqueer,122.81.195.240
3341,Lavinie,Laherty,llaherty9g@mlb.com,Genderfluid,141.38.195.236
3342,Pammy,Kuhn,pkuhn9h@bing.com,Non-binary,160.211.104.188
3343,Alexei,Kehri,akehri9i@deliciousdays.com,Genderqueer,165.143.166.125
3344,Maurita,Gaule,mgaule9j@theguardian.com,Polygender,105.27.204.250
3345,Lucie,Brockelsby,lbrockelsby9k@vkontakte.ru,Bigender,136.2.221.241
3346,Querida,Hatfield,qhatfield9l@amazonaws.com,Non-binary,131.111.42.222
3347,Reagen,Hegden,rhegden9m@twitpic.com,Polygender,127.221.4.66
3348,Lulu,Adao,ladao9n@amazon.co.uk,Genderfluid,63.161.228.188
3349,Les,Towell,ltowell9o@walmart.com,Bigender,170.100.192.16
3350,Lonee,Hansie,lhansie9p@shop-pro.jp,Polygender,119.60.84.62
3351,Eleonore,Fausset,efausset9q@dell.com,Polygender,204.205.241.100
3352,Jasmin,Suthren,jsuthren9r@parallels.com,Non-binary,187.62.247.133
3353,Murvyn,Ludlamme,mludlamme9s@patch.com,Bigender,231.85.24.60
3354,Lurlene,Gon,lgon9t@patch.com,Female,38.20.119.246
3355,Mag,Pharrow,mpharrow9u@amazon.com,Polygender,22.195.185.134
3356,Dulsea,Bonar,dbonar9v@123-reg.co.uk,Male,200.128.207.109
3357,Taryn,Molen,tmolen9w@tumblr.com,Non-binary,204.253.78.233
3358,Gavra,Ridder,gridder9x@privacy.gov.au,Female,172.228.86.60
3359,Glen,Winkless,gwinkless9y@de.vu,Agender,103.17.166.1
3360,Alidia,Krochmann,akrochmann9z@slate.com,Genderfluid,181.249.226.105
3361,Merrie,Whistance,mwhistancea0@apache.org,Genderfluid,204.68.156.16
3362,Ernest,Abbati,eabbatia1@foxnews.com,Female,101.177.86.93
3363,Laryssa,Pane,lpanea2@wiley.com,Male,117.36.47.192
3364,Steward,Dayment,sdaymenta3@pen.io,Genderqueer,155.119.217.32
3365,Sigvard,Watmough,swatmougha4@goo.ne.jp,Polygender,109.186.2.191
3366,Dredi,Leyband,dleybanda5@so-net.ne.jp,Agender,94.147.227.120
3367,Quintina,Aspinwall,qaspinwalla6@seesaa.net,Bigender,36.222.234.31
3368,Hector,Meatcher,hmeatchera7@geocities.jp,Bigender,247.68.164.77
3369,Denni,Gofforth,dgoffortha8@psu.edu,Agender,160.94.117.23
3370,Ole,Bidwell,obidwella9@smugmug.com,Bigender,184.104.158.169
3371,Milka,Norwich,mnorwichaa@nytimes.com,Bigender,87.85.205.215
3372,Erroll,Bendelow,ebendelowab@topsy.com,Bigender,83.181.44.154
3373,Frazier,Purvey,fpurveyac@businessweek.com,Non-binary,194.165.108.48
3374,Standford,Shepstone,sshepstonead@slashdot.org,Female,147.71.142.42
3375,Ody,Grishaev,ogrishaevae@jigsy.com,Bigender,28.150.84.215
3376,Daphna,Bakesef,dbakesefaf@ning.com,Non-binary,83.145.158.23
3377,Lalo,Merida,lmeridaag@globo.com,Male,246.177.0.143
3378,Michele,Whewill,mwhewillah@hao123.com,Non-binary,11.100.116.134
3379,Orel,Tallant,otallantai@eepurl.com,Female,81.214.199.131
3380,Penny,McGloughlin,pmcgloughlinaj@mysql.com,Polygender,175.102.67.40
3381,Beverley,Borsi,bborsiak@elpais.com,Bigender,84.213.249.14
3382,Aldwin,Keeler,akeeleral@dedecms.com,Polygender,253.102.78.100
3383,Willi,Cade,wcadeam@tripadvisor.com,Polygender,20.216.175.96
3384,Fayre,Ewdale,fewdalean@amazon.co.jp,Genderfluid,16.175.93.31
3385,Glori,Tallon,gtallonao@angelfire.com,Genderqueer,144.83.253.142
3386,Fletcher,Whaites,fwhaitesap@etsy.com,Agender,53.8.11.195
3387,Neron,Chasle,nchasleaq@apache.org,Agender,12.167.186.93
3388,Meyer,Lamanby,mlamanbyar@mac.com,Agender,124.243.162.97
3389,Roby,Strase,rstraseas@infoseek.co.jp,Polygender,80.181.132.169
3390,Inigo,Lyokhin,ilyokhinat@guardian.co.uk,Female,58.200.248.6
3391,Becki,Mawman,bmawmanau@indiegogo.com,Bigender,7.89.55.65
3392,Uriah,Windas,uwindasav@mysql.com,Female,164.49.29.87
3393,Rodie,Cotgrave,rcotgraveaw@naver.com,Agender,72.79.110.127
3394,Carolin,Sacker,csackerax@lycos.com,Non-binary,178.199.138.203
3395,Marin,Hambright,mhambrightay@digg.com,Agender,96.117.38.152
3396,Lorenzo,Machin,lmachinaz@geocities.jp,Non-binary,31.13.25.23
3397,Gretna,Prall,gprallb0@blogspot.com,Non-binary,188.67.99.31
3398,Roseanne,Courson,rcoursonb1@purevolume.com,Genderfluid,67.22.97.89
3399,Red,Toffel,rtoffelb2@weebly.com,Agender,9.76.114.105
3400,Zonda,Nelius,zneliusb3@dmoz.org,Female,83.230.203.84
3401,Diann,Medeway,dmedewayb4@fc2.com,Genderfluid,243.23.58.109
3402,George,Kneesha,gkneeshab5@bizjournals.com,Bigender,93.183.233.96
3403,Clayborne,Soutter,csoutterb6@omniture.com,Male,140.157.174.20
3404,Cindi,Ramme,crammeb7@artisteer.com,Agender,220.124.195.193
3405,Dev,Glander,dglanderb8@dailymail.co.uk,Male,186.152.55.166
3406,Abeu,Coenraets,acoenraetsb9@netlog.com,Non-binary,183.194.199.120
3407,Celestyna,Renon,crenonba@ebay.co.uk,Male,100.112.8.73
3408,Benny,Iscowitz,biscowitzbb@si.edu,Genderfluid,12.34.25.149
3409,Bondon,Deeble,bdeeblebc@jigsy.com,Agender,36.83.167.112
3410,Basil,Iacovucci,biacovuccibd@ox.ac.uk,Female,88.69.158.206
3411,Kata,Gulliford,kgullifordbe@washingtonpost.com,Agender,6.195.5.80
3412,Laural,Yanshonok,lyanshonokbf@jimdo.com,Non-binary,76.52.16.147
3413,Cyndi,McIllroy,cmcillroybg@virginia.edu,Genderqueer,27.247.50.137
3414,Felizio,Benzing,fbenzingbh@prlog.org,Agender,115.45.200.116
3415,Toni,Lanahan,tlanahanbi@illinois.edu,Agender,207.128.166.28
3416,Terencio,Josey,tjoseybj@yandex.ru,Male,207.234.151.181
3417,Justis,Chelnam,jchelnambk@cornell.edu,Genderfluid,88.136.14.76
3418,Carlee,Eatock,ceatockbl@intel.com,Genderfluid,152.244.90.139
3419,Earvin,Staterfield,estaterfieldbm@nsw.gov.au,Non-binary,134.233.121.176
3420,Rayshell,Mitkcov,rmitkcovbn@livejournal.com,Genderqueer,190.214.188.111
3421,Janet,Cushworth,jcushworthbo@oakley.com,Polygender,116.174.218.111
3422,Minnaminnie,Gook,mgookbp@yahoo.co.jp,Genderqueer,241.123.161.105
3423,Collen,Olivia,coliviabq@tmall.com,Polygender,48.234.155.212
3424,Trudie,Gallaccio,tgallacciobr@jigsy.com,Genderqueer,155.10.172.27
3425,Teriann,Segeswoeth,tsegeswoethbs@ucla.edu,Genderqueer,174.227.69.41
3426,Prissie,Aldus,paldusbt@stanford.edu,Female,185.67.45.148
3427,Arri,Helian,ahelianbu@1688.com,Genderqueer,203.37.46.72
3428,Seka,Buxsy,sbuxsybv@ibm.com,Polygender,140.242.127.143
3429,Isac,Vynehall,ivynehallbw@ycombinator.com,Male,250.162.103.73
3430,Kahaleel,Jankin,kjankinbx@wordpress.org,Non-binary,102.50.190.204
3431,Leicester,Stiant,lstiantby@facebook.com,Genderqueer,154.165.110.206
3432,Micheal,Escalera,mescalerabz@sciencedaily.com,Non-binary,155.126.13.44
3433,Menard,Martinho,mmartinhoc0@simplemachines.org,Bigender,133.251.207.183
3434,Mandi,Sheerman,msheermanc1@dyndns.org,Female,15.59.153.188
3435,Lucille,Leatham,lleathamc2@youku.com,Agender,2.74.87.115
3436,Bradly,Vampouille,bvampouillec3@independent.co.uk,Polygender,105.41.123.81
3437,Neely,Walcar,nwalcarc4@jigsy.com,Female,19.128.64.218
3438,Ives,Wanley,iwanleyc5@europa.eu,Bigender,197.119.231.158
3439,Rogers,Davenall,rdavenallc6@auda.org.au,Female,115.176.128.249
3440,Tanhya,Crosio,tcrosioc7@themeforest.net,Genderfluid,190.28.55.170
3441,Stillman,Broadis,sbroadisc8@unblog.fr,Non-binary,121.91.78.39
3442,Augustine,Iglesias,aiglesiasc9@google.co.uk,Polygender,148.202.91.70
3443,Roanne,Maundrell,rmaundrellca@bluehost.com,Bigender,169.107.225.132
3444,Elizabeth,Dugmore,edugmorecb@cyberchimps.com,Female,92.103.96.176
3445,Arlene,Oles,aolescc@free.fr,Bigender,137.54.54.101
3446,Murray,Nunes Nabarro,mnunesnabarrocd@mayoclinic.com,Non-binary,118.21.168.196
3447,Deborah,Pyffe,dpyffece@businessinsider.com,Bigender,182.63.50.253
3448,Meredithe,Feares,mfearescf@indiatimes.com,Female,2.55.128.139
3449,Waylen,Perrat,wperratcg@cloudflare.com,Polygender,238.30.194.249
3450,Morse,Pfeiffer,mpfeifferch@webs.com,Male,189.240.38.69
3451,Pren,Riddel,priddelci@jalbum.net,Polygender,93.194.19.167
3452,Valaree,Beazey,vbeazeycj@wikipedia.org,Genderqueer,148.217.233.49
3453,Peder,Reveland,prevelandck@aol.com,Genderqueer,44.95.110.253
3454,Florenza,Broadist,fbroadistcl@github.com,Polygender,127.42.112.85
3455,Jordan,Hawkswell,jhawkswellcm@techcrunch.com,Agender,253.173.10.126
3456,Milty,Follen,mfollencn@smugmug.com,Genderqueer,133.147.90.3
3457,Melicent,Kiwitz,mkiwitzco@behance.net,Bigender,137.33.206.89
3458,Stearne,Dinsey,sdinseycp@ibm.com,Non-binary,200.123.225.37
3459,Land,Turfs,lturfscq@instagram.com,Genderfluid,33.225.110.32
3460,Lenette,Catteroll,lcatterollcr@flickr.com,Female,181.25.46.205
3461,Abbi,Hinge,ahingecs@cbsnews.com,Female,57.120.118.91
3462,Forrester,Zorzin,fzorzinct@arizona.edu,Bigender,8.36.50.78
3463,Chaim,Eton,cetoncu@angelfire.com,Female,184.216.188.111
3464,Erasmus,Hanster,ehanstercv@gravatar.com,Genderqueer,26.17.251.175
3465,Suellen,Thurley,sthurleycw@t.co,Genderqueer,230.34.79.124
3466,Klara,Willshear,kwillshearcx@intel.com,Bigender,105.116.125.247
3467,Osbert,Chidler,ochidlercy@ning.com,Bigender,150.41.254.127
3468,Kiley,Appleton,kappletoncz@symantec.com,Genderfluid,215.108.136.134
3469,Miguel,Bricknell,mbricknelld0@hibu.com,Male,152.169.17.207
3470,Winfield,Benge,wbenged1@lulu.com,Agender,177.190.53.47
3471,Susanne,Lavrick,slavrickd2@furl.net,Genderfluid,53.109.83.112
3472,Kellina,Winscomb,kwinscombd3@rediff.com,Bigender,172.205.151.170
3473,Alessandra,Bundy,abundyd4@google.com.au,Non-binary,163.202.100.34
3474,Bertrand,Nacey,bnaceyd5@posterous.com,Genderfluid,112.231.184.114
3475,Prudence,Bucham,pbuchamd6@dagondesign.com,Non-binary,136.156.239.217
3476,Ardene,Klaffs,aklaffsd7@cargocollective.com,Bigender,228.97.65.168
3477,Serge,Adolf,sadolfd8@prweb.com,Genderqueer,59.162.47.96
3478,Nicolea,Kendle,nkendled9@columbia.edu,Genderfluid,42.231.246.0
3479,Maud,Potkins,mpotkinsda@nba.com,Female,28.234.103.96
3480,Toby,Janecek,tjanecekdb@sakura.ne.jp,Polygender,99.181.215.110
3481,Bartholemy,Kochl,bkochldc@google.co.jp,Female,194.200.184.151
3482,Judith,Soro,jsorodd@taobao.com,Genderfluid,143.134.142.17
3483,Melissa,Ricket,mricketde@cbslocal.com,Genderqueer,155.83.31.122
3484,Sinclare,Mullard,smullarddf@pagesperso-orange.fr,Bigender,199.154.251.178
3485,Dalia,Lloyd-Williams,dlloydwilliamsdg@constantcontact.com,Non-binary,31.231.152.138
3486,Northrup,Balam,nbalamdh@networksolutions.com,Agender,135.155.124.86
3487,Cybill,Kmieciak,ckmieciakdi@skyrock.com,Bigender,235.216.95.141
3488,Garrik,Pimblotte,gpimblottedj@netlog.com,Non-binary,11.132.253.34
3489,Clementine,Seleway,cselewaydk@ted.com,Female,5.134.235.250
3490,Reena,Hatley,rhatleydl@tripadvisor.com,Male,128.139.139.255
3491,Edith,Matzeitis,ematzeitisdm@bloomberg.com,Agender,114.68.237.102
3492,Bealle,Calltone,bcalltonedn@yelp.com,Agender,40.99.86.145
3493,Vaughn,Tynewell,vtynewelldo@csmonitor.com,Polygender,248.113.55.2
3494,Rene,Burrett,rburrettdp@zimbio.com,Male,236.95.139.128
3495,Morton,Proud,mprouddq@imgur.com,Bigender,71.230.56.214
3496,Letisha,McKeighen,lmckeighendr@usnews.com,Female,158.28.6.137
3497,Lesli,Cluet,lcluetds@ow.ly,Male,37.151.11.174
3498,Liv,Haughton,lhaughtondt@usatoday.com,Female,142.118.93.89
3499,Ruddie,Cutchie,rcutchiedu@china.com.cn,Non-binary,88.136.35.222
3500,Arliene,Shellcross,ashellcrossdv@liveinternet.ru,Non-binary,120.116.205.190
3501,Aime,Livett,alivettdw@salon.com,Genderfluid,133.74.139.115
3502,Guglielma,Wrout,gwroutdx@studiopress.com,Male,111.33.31.18
3503,Rebekah,Fake,rfakedy@wikispaces.com,Agender,188.24.200.38
3504,Mendie,Milson,mmilsondz@marriott.com,Female,157.74.114.239
3505,Kaia,Hartzenberg,khartzenberge0@sogou.com,Non-binary,93.214.41.68
3506,Jenna,Sturley,jsturleye1@craigslist.org,Agender,172.27.227.163
3507,Coleman,Booeln,cbooelne2@mozilla.com,Bigender,45.217.226.213
3508,Belita,Dumbreck,bdumbrecke3@upenn.edu,Polygender,122.195.148.98
3509,Justinian,Packman,jpackmane4@live.com,Polygender,33.246.209.92
3510,Myrwyn,Quakley,mquakleye5@devhub.com,Non-binary,98.104.238.95
3511,Madlin,Duigan,mduigane6@google.es,Female,106.141.68.232
3512,Claus,Summers,csummerse7@youku.com,Agender,192.138.137.152
3513,Giraldo,Bygott,gbygotte8@nih.gov,Genderqueer,60.152.26.187
3514,Alexander,Ivatt,aivatte9@flavors.me,Genderqueer,243.169.153.88
3515,Brander,Piborn,bpibornea@cloudflare.com,Agender,230.250.56.65
3516,Emma,Savell,esavelleb@netlog.com,Non-binary,110.6.0.103
3517,Talya,Blade,tbladeec@amazon.de,Bigender,129.181.91.184
3518,Nelly,Pettiford,npettiforded@earthlink.net,Male,151.163.43.26
3519,Reinold,Uzelli,ruzelliee@icio.us,Genderfluid,173.243.227.224
3520,Antoine,Geraudy,ageraudyef@sciencedaily.com,Female,14.81.62.96
3521,Kayle,Walling,kwallingeg@elpais.com,Agender,58.167.168.208
3522,Sonnie,Fasham,sfashameh@cloudflare.com,Female,144.147.248.129
3523,Sky,Trenchard,strenchardei@sun.com,Polygender,67.239.227.92
3524,Annis,Ferro,aferroej@instagram.com,Agender,229.34.71.36
3525,Herc,Landor,hlandorek@desdev.cn,Bigender,88.252.251.90
3526,Terencio,Van Baaren,tvanbaarenel@cbsnews.com,Genderfluid,19.142.6.166
3527,Zerk,Munkley,zmunkleyem@liveinternet.ru,Non-binary,251.230.150.67
3528,Hi,Fattorini,hfattorinien@howstuffworks.com,Male,50.180.76.239
3529,Garrek,Hallard,ghallardeo@mozilla.org,Male,58.47.195.241
3530,Donella,Beadham,dbeadhamep@discovery.com,Non-binary,48.125.188.185
3531,Susy,Adlard,sadlardeq@myspace.com,Genderqueer,239.195.231.188
3532,Erminia,Flexman,eflexmaner@ovh.net,Genderfluid,203.86.47.0
3533,Benedick,Majury,bmajuryes@arstechnica.com,Genderfluid,152.79.102.102
3534,Robinett,Ferres,rferreset@google.ca,Female,142.193.81.214
3535,Nellie,Balls,nballseu@squidoo.com,Agender,183.75.42.9
3536,Bogey,Oolahan,boolahanev@mozilla.org,Genderqueer,62.41.3.226
3537,Jillana,Orrum,jorrumew@latimes.com,Agender,78.3.97.218
3538,Novelia,Raspel,nraspelex@cbc.ca,Female,77.32.177.248
3539,Dorree,Bloodworth,dbloodworthey@discovery.com,Polygender,16.35.109.182
3540,Letty,Topling,ltoplingez@walmart.com,Polygender,6.54.145.188
3541,Alasdair,Di Lucia,adiluciaf0@storify.com,Polygender,120.97.102.221
3542,Kingsly,Gepp,kgeppf1@accuweather.com,Female,112.2.240.161
3543,Alvira,Abazi,aabazif2@slideshare.net,Female,116.145.15.113
3544,Randy,Swindlehurst,rswindlehurstf3@uol.com.br,Male,123.60.214.15
3545,Dagny,Yabsley,dyabsleyf4@1688.com,Genderqueer,16.33.93.31
3546,Amandi,O'Heffernan,aoheffernanf5@examiner.com,Polygender,9.2.206.80
3547,Theobald,Spykins,tspykinsf6@desdev.cn,Genderfluid,191.144.50.134
3548,Natalee,Isakovic,nisakovicf7@who.int,Genderqueer,139.4.150.225
3549,Yalonda,Lentsch,ylentschf8@netvibes.com,Genderfluid,112.59.58.176
3550,Agna,Cathesyed,acathesyedf9@wsj.com,Female,137.190.107.231
3551,Bay,Dripp,bdrippfa@tripadvisor.com,Bigender,239.100.228.193
3552,Paul,Isakovic,pisakovicfb@yale.edu,Male,115.64.99.13
3553,Flynn,Longmire,flongmirefc@google.it,Polygender,71.218.132.186
3554,Cissiee,Gissop,cgissopfd@plala.or.jp,Female,106.88.114.149
3555,Germaine,McCambridge,gmccambridgefe@wikimedia.org,Polygender,56.18.24.35
3556,Jill,Batchelour,jbatchelourff@theguardian.com,Male,26.104.165.130
3557,Cornie,Gutteridge,cgutteridgefg@canalblog.com,Bigender,50.48.169.65
3558,Hazel,Meininger,hmeiningerfh@discovery.com,Female,54.34.2.141
3559,Brantley,Fulger,bfulgerfi@mac.com,Male,168.83.135.164
3560,Lothaire,Lowres,llowresfj@nasa.gov,Female,147.32.40.242
3561,Venus,Wilmington,vwilmingtonfk@tmall.com,Female,73.48.205.60
3562,Shermy,Earles,searlesfl@ocn.ne.jp,Genderqueer,53.48.214.225
3563,Giovanni,Blasgen,gblasgenfm@weebly.com,Non-binary,39.71.65.167
3564,Hodge,Davidovsky,hdavidovskyfn@noaa.gov,Agender,230.181.71.122
3565,Marybeth,Drakeford,mdrakefordfo@vkontakte.ru,Agender,31.153.15.226
3566,Avie,Langlais,alanglaisfp@sciencedaily.com,Agender,210.209.147.64
3567,Wendye,Gibke,wgibkefq@last.fm,Polygender,196.175.148.171
3568,Tarra,Sparsholt,tsparsholtfr@si.edu,Polygender,86.202.200.184
3569,Elonore,Nottram,enottramfs@cornell.edu,Male,38.193.252.248
3570,Bobette,Hartas,bhartasft@tiny.cc,Non-binary,230.31.8.115
3571,Langston,Swede,lswedefu@yandex.ru,Bigender,216.191.61.119
3572,Jere,Olivetti,jolivettifv@smugmug.com,Polygender,175.198.247.143
3573,Marijn,Curry,mcurryfw@discovery.com,Non-binary,112.78.231.108
3574,Cecile,Jaquemar,cjaquemarfx@google.com.au,Non-binary,27.167.202.244
3575,Isador,Coode,icoodefy@biglobe.ne.jp,Polygender,148.42.188.126
3576,Tiffani,Bereford,tberefordfz@blogger.com,Genderqueer,83.85.123.78
3577,Odelinda,Woodhouse,owoodhouseg0@facebook.com,Genderfluid,155.157.166.75
3578,Patton,Standingford,pstandingfordg1@twitpic.com,Male,34.11.148.71
3579,Merrielle,Mushart,mmushartg2@google.co.uk,Female,73.143.80.179
3580,Esmaria,Leeman,eleemang3@goo.ne.jp,Genderqueer,18.248.127.173
3581,Garvey,Buckett,gbuckettg4@slate.com,Bigender,119.225.119.38
3582,Wynny,Swate,wswateg5@google.co.jp,Polygender,211.198.147.1
3583,Quintina,Vaar,qvaarg6@springer.com,Non-binary,161.25.208.7
3584,Joye,Barthropp,jbarthroppg7@ted.com,Non-binary,35.150.172.195
3585,Loleta,Chastelain,lchastelaing8@over-blog.com,Bigender,52.220.176.1
3586,Nert,Jacqueme,njacquemeg9@usda.gov,Genderfluid,206.132.234.162
3587,Patience,Trayling,ptraylingga@elegantthemes.com,Female,16.123.7.59
3588,Adelaida,Grassick,agrassickgb@oaic.gov.au,Non-binary,245.159.66.6
3589,Norris,Derl,nderlgc@huffingtonpost.com,Bigender,178.1.81.108
3590,Timothea,Lalley,tlalleygd@youtube.com,Non-binary,109.204.117.21
3591,Merline,Sholl,mshollge@house.gov,Non-binary,118.176.20.42
3592,Katlin,Castrillo,kcastrillogf@vinaora.com,Agender,65.135.108.94
3593,Tulley,Mathou,tmathougg@bizjournals.com,Bigender,165.250.75.75
3594,Wat,Eykel,weykelgh@usa.gov,Male,218.144.157.84
3595,Meredith,Blizard,mblizardgi@meetup.com,Bigender,103.220.70.59
3596,Ailene,Wandrack,awandrackgj@gmpg.org,Male,183.63.95.221
3597,Ibrahim,Frudd,ifruddgk@storify.com,Bigender,8.136.142.203
3598,Lorine,Sarch,lsarchgl@upenn.edu,Female,159.121.165.22
3599,Jecho,Brandle,jbrandlegm@pinterest.com,Agender,211.102.35.130
3600,Jaimie,Yukhnin,jyukhningn@wired.com,Bigender,228.127.21.120
3601,Gwenore,Strike,gstrikego@narod.ru,Male,218.136.125.105
3602,Monty,Bealing,mbealinggp@seattletimes.com,Non-binary,93.214.252.26
3603,Aldis,Dondon,adondongq@sun.com,Bigender,186.98.74.164
3604,Olga,Humbey,ohumbeygr@github.io,Non-binary,202.147.200.96
3605,Dilly,Bourtoumieux,dbourtoumieuxgs@usnews.com,Polygender,205.202.25.43
3606,Julie,Scarse,jscarsegt@dropbox.com,Bigender,124.234.146.172
3607,Patrica,Balstone,pbalstonegu@indiegogo.com,Female,40.0.175.245
3608,Rickard,Paterson,rpatersongv@berkeley.edu,Agender,124.148.61.210
3609,Maris,Jacox,mjacoxgw@lulu.com,Genderqueer,115.225.17.63
3610,Durand,Connop,dconnopgx@i2i.jp,Genderqueer,209.127.132.141
3611,Morly,Dannatt,mdannattgy@wikia.com,Agender,78.241.177.7
3612,Ricardo,Imason,rimasongz@psu.edu,Genderfluid,79.165.176.136
3613,Gilberte,Gai,ggaih0@scribd.com,Non-binary,10.239.84.236
3614,Louisette,Rattenberie,lrattenberieh1@fotki.com,Non-binary,29.194.40.167
3615,Phil,McComish,pmccomishh2@wsj.com,Genderfluid,124.17.205.218
3616,Cyb,Copas,ccopash3@yolasite.com,Male,194.144.129.14
3617,Redd,Newcombe,rnewcombeh4@huffingtonpost.com,Agender,45.235.98.116
3618,Deirdre,Franzen,dfranzenh5@photobucket.com,Bigender,102.90.164.209
3619,Howie,Southcombe,hsouthcombeh6@wikia.com,Genderqueer,41.21.174.255
3620,Theadora,Babbidge,tbabbidgeh7@t-online.de,Non-binary,25.109.240.76
3621,Gennifer,Criple,gcripleh8@disqus.com,Female,8.58.29.228
3622,Genna,Castelyn,gcastelynh9@washingtonpost.com,Female,178.72.195.195
3623,Mina,Hakonsson,mhakonssonha@usatoday.com,Non-binary,64.121.179.128
3624,Ettore,Fugere,efugerehb@parallels.com,Female,112.105.221.21
3625,Horton,Dodman,hdodmanhc@deviantart.com,Genderqueer,69.66.252.243
3626,Tiff,Tocknell,ttocknellhd@altervista.org,Polygender,176.53.32.156
3627,Consalve,Ryce,crycehe@biblegateway.com,Genderqueer,246.109.106.41
3628,Marchall,Bend,mbendhf@canalblog.com,Female,162.39.106.219
3629,Maurise,Cadalleder,mcadallederhg@paypal.com,Bigender,54.242.241.86
3630,Skyler,Rich,srichhh@surveymonkey.com,Genderqueer,189.211.88.148
3631,Zebulon,Scala,zscalahi@eventbrite.com,Genderqueer,241.27.119.121
3632,Mella,Charleston,mcharlestonhj@google.fr,Agender,136.11.195.127
3633,Grazia,Guiraud,gguiraudhk@live.com,Genderfluid,142.206.103.220
3634,Madge,Coupman,mcoupmanhl@rediff.com,Female,41.210.142.234
3635,Bogart,Culpen,bculpenhm@yellowpages.com,Agender,251.155.138.229
3636,Hestia,Gleaves,hgleaveshn@bigcartel.com,Genderfluid,247.72.112.65
3637,Jdavie,Harget,jhargetho@apple.com,Genderfluid,136.143.226.145
3638,Dominica,Pedican,dpedicanhp@sfgate.com,Male,200.165.120.244
3639,Lowrance,Hercules,lherculeshq@buzzfeed.com,Polygender,209.255.221.229
3640,Kristopher,Lowbridge,klowbridgehr@linkedin.com,Bigender,184.168.145.184
3641,Sal,Brainsby,sbrainsbyhs@blogtalkradio.com,Male,49.233.151.130
3642,Johny,Sallis,jsallisht@state.tx.us,Polygender,224.146.182.246
3643,Wyatt,Santi,wsantihu@sbwire.com,Female,50.141.37.228
3644,Pattin,Cracoe,pcracoehv@about.com,Female,214.84.243.111
3645,Vi,Imlen,vimlenhw@uiuc.edu,Bigender,171.182.77.28
3646,Jeremiah,MacTrustram,jmactrustramhx@amazonaws.com,Polygender,213.48.52.112
3647,Skippy,Kloss,sklosshy@163.com,Non-binary,91.156.212.174
3648,Mal,Baum,mbaumhz@tiny.cc,Female,178.116.148.195
3649,Park,Leynham,pleynhami0@usatoday.com,Genderqueer,44.103.228.73
3650,Bryna,Pottle,bpottlei1@bandcamp.com,Agender,13.104.121.5
3651,Maribel,Decker,mdeckeri2@earthlink.net,Non-binary,108.51.98.89
3652,Shay,Cordet,scordeti3@macromedia.com,Female,204.63.187.174
3653,Jamima,Impett,jimpetti4@yellowbook.com,Agender,115.175.184.1
3654,Ariadne,Ferneyhough,aferneyhoughi5@google.com,Polygender,238.227.124.81
3655,Herta,Busen,hbuseni6@mozilla.com,Agender,159.102.7.70
3656,Michel,Love,mlovei7@umich.edu,Bigender,88.27.159.70
3657,Nicky,Matuschek,nmatuscheki8@stanford.edu,Non-binary,254.123.128.227
3658,Natale,Dwine,ndwinei9@wordpress.org,Agender,29.151.166.141
3659,Iona,Keers,ikeersia@wikipedia.org,Agender,39.148.150.246
3660,Leandra,Bartot,lbartotib@multiply.com,Genderfluid,33.20.27.91
3661,Shaine,Woolatt,swoolattic@jalbum.net,Bigender,192.179.148.52
3662,Rahel,Kerrigan,rkerriganid@jalbum.net,Female,159.69.93.63
3663,Mary,Buggs,mbuggsie@msn.com,Bigender,65.105.55.99
3664,Alta,Pursey,apurseyif@guardian.co.uk,Genderqueer,101.6.206.31
3665,Eda,Archibald,earchibaldig@bravesites.com,Agender,132.182.133.70
3666,Dorolisa,Lorriman,dlorrimanih@blog.com,Genderfluid,241.49.28.255
3667,Susanetta,Belcher,sbelcherii@npr.org,Female,19.238.154.194
3668,Janaya,Stoyell,jstoyellij@vinaora.com,Polygender,163.220.184.29
3669,Quintilla,Brundrett,qbrundrettik@usgs.gov,Male,124.75.183.70
3670,Imelda,Millhouse,imillhouseil@free.fr,Agender,86.75.249.99
3671,Wolfgang,Aldus,waldusim@youtube.com,Polygender,136.14.107.117
3672,Michelle,Shevlan,mshevlanin@vk.com,Male,32.104.106.155
3673,Opal,Stove,ostoveio@skyrock.com,Bigender,208.177.13.78
3674,Lissy,Gandley,lgandleyip@dagondesign.com,Polygender,185.164.168.46
3675,Kerwinn,Scopyn,kscopyniq@cdbaby.com,Agender,13.202.242.209
3676,Marjie,Howells,mhowellsir@networkadvertising.org,Genderqueer,101.133.98.0
3677,Tris,Sapp,tsappis@noaa.gov,Bigender,129.8.20.84
3678,Thomasina,Vanetti,tvanettiit@walmart.com,Female,198.234.27.49
3679,Sheba,Loftus,sloftusiu@youku.com,Genderqueer,213.60.67.249
3680,Bernardo,Tregale,btregaleiv@google.it,Agender,57.107.141.49
3681,Trumaine,Lebond,tlebondiw@google.com.hk,Agender,73.228.210.170
3682,Alisander,Orrock,aorrockix@pagesperso-orange.fr,Agender,126.142.111.168
3683,Phillipp,Georgescu,pgeorgescuiy@cnn.com,Female,63.31.209.202
3684,Abie,Luff,aluffiz@cloudflare.com,Female,168.242.103.209
3685,Nicol,Paris,nparisj0@bravesites.com,Genderfluid,245.227.11.172
3686,Jeffry,Mossdale,jmossdalej1@mtv.com,Male,133.132.67.250
3687,Shirlene,Tiery,stieryj2@cyberchimps.com,Genderqueer,123.42.53.39
3688,Josephine,De Castri,jdecastrij3@amazon.co.uk,Genderqueer,205.197.118.197
3689,Demetrius,Peret,dperetj4@wix.com,Genderfluid,22.238.176.59
3690,Albie,Keese,akeesej5@dyndns.org,Non-binary,156.67.103.48
3691,Pearla,Blandamore,pblandamorej6@smh.com.au,Genderqueer,140.47.199.23
3692,Maureen,McGiveen,mmcgiveenj7@ucoz.ru,Male,132.235.204.53
3693,Ruthann,Pasterfield,rpasterfieldj8@xrea.com,Polygender,114.234.129.89
3694,Yank,Kain,ykainj9@reverbnation.com,Bigender,31.125.50.15
3695,Oralee,Losemann,olosemannja@chicagotribune.com,Female,99.223.58.109
3696,Todd,Daubney,tdaubneyjb@hostgator.com,Non-binary,6.33.165.7
3697,Alessandro,Dutson,adutsonjc@biglobe.ne.jp,Non-binary,80.44.48.235
3698,Lida,Boatwright,lboatwrightjd@webs.com,Genderfluid,163.225.146.178
3699,Manuel,Brogan,mbroganje@ftc.gov,Agender,89.236.99.139
3700,Fionnula,Dootson,fdootsonjf@jimdo.com,Male,227.103.255.244
3701,Therese,Robet,trobetjg@mail.ru,Non-binary,240.220.201.255
3702,Glen,St Ledger,gstledgerjh@digg.com,Agender,137.228.54.72
3703,Nalani,Challicum,nchallicumji@si.edu,Non-binary,209.28.18.86
3704,Lotty,Nuschke,lnuschkejj@tuttocitta.it,Bigender,119.80.39.243
3705,Robers,Paddell,rpaddelljk@cpanel.net,Genderfluid,145.85.34.5
3706,Ruthi,Gilpillan,rgilpillanjl@oakley.com,Genderfluid,213.83.124.14
3707,Jules,Hutchinson,jhutchinsonjm@timesonline.co.uk,Male,126.171.106.255
3708,Tanner,Conerding,tconerdingjn@taobao.com,Non-binary,209.154.85.187
3709,Nettle,Summers,nsummersjo@census.gov,Agender,253.245.173.183
3710,Essa,Von Der Empten,evonderemptenjp@gnu.org,Bigender,20.115.246.38
3711,Antons,Wilber,awilberjq@pbs.org,Genderfluid,194.86.224.75
3712,Ichabod,Farnaby,ifarnabyjr@goo.gl,Non-binary,213.159.29.63
3713,Ruggiero,Tolwood,rtolwoodjs@stumbleupon.com,Female,153.70.187.214
3714,Marlo,Jordin,mjordinjt@businessinsider.com,Genderqueer,48.172.163.206
3715,Tirrell,Lesper,tlesperju@naver.com,Genderfluid,116.51.227.240
3716,Timmy,McIlheran,tmcilheranjv@fastcompany.com,Bigender,124.213.97.148
3717,Gladi,Jacketts,gjackettsjw@omniture.com,Female,211.255.240.148
3718,Cesare,Rosenblum,crosenblumjx@zdnet.com,Agender,151.114.248.6
3719,Amaleta,England,aenglandjy@squarespace.com,Agender,50.170.85.6
3720,Rey,Beddows,rbeddowsjz@weebly.com,Genderqueer,59.128.224.67
3721,Carly,Cinderey,ccindereyk0@domainmarket.com,Polygender,230.129.190.187
3722,Reinald,Reese,rreesek1@hp.com,Genderfluid,50.183.243.164
3723,Clo,McQuorkell,cmcquorkellk2@uol.com.br,Female,49.105.88.240
3724,Coleman,Wallicker,cwallickerk3@imageshack.us,Agender,31.156.132.66
3725,Obadiah,Kinkaid,okinkaidk4@myspace.com,Genderqueer,108.6.27.192
3726,Kellyann,Machans,kmachansk5@msn.com,Bigender,21.14.161.154
3727,Marius,Grimmolby,mgrimmolbyk6@histats.com,Genderfluid,61.167.251.64
3728,Georg,Maccraw,gmaccrawk7@bbb.org,Non-binary,89.232.254.141
3729,Kelby,Ferriby,kferribyk8@mashable.com,Polygender,18.253.197.71
3730,Townie,Bracknall,tbracknallk9@globo.com,Agender,185.99.15.118
3731,Candida,Whyatt,cwhyattka@ameblo.jp,Male,142.123.2.228
3732,Tore,Kinzett,tkinzettkb@imgur.com,Agender,255.70.212.41
3733,Keelia,Oakton,koaktonkc@fastcompany.com,Genderfluid,14.208.102.152
3734,Booth,Carthew,bcarthewkd@meetup.com,Genderqueer,1.128.214.5
3735,Yolane,Coltan,ycoltanke@rakuten.co.jp,Agender,88.137.182.28
3736,Joell,Garmons,jgarmonskf@sphinn.com,Non-binary,173.13.80.90
3737,Herman,Kiefer,hkieferkg@msu.edu,Bigender,55.62.17.220
3738,Nancee,Frazier,nfrazierkh@redcross.org,Bigender,173.178.75.223
3739,Kore,Zannini,kzanniniki@mashable.com,Female,11.200.138.136
3740,Toinette,Kitto,tkittokj@behance.net,Female,127.217.2.147
3741,Winonah,Cooney,wcooneykk@creativecommons.org,Non-binary,136.176.168.221
3742,Elsa,Clymer,eclymerkl@sphinn.com,Genderfluid,172.25.150.209
3743,Gael,LAbbet,glabbetkm@blogs.com,Female,2.202.120.140
3744,Tibold,Heaviside,theavisidekn@unicef.org,Female,35.104.223.2
3745,Kermie,Found,kfoundko@reference.com,Polygender,170.45.249.222
3746,Krissie,Ghiron,kghironkp@godaddy.com,Female,248.29.212.7
3747,Lars,Aldrick,laldrickkq@meetup.com,Polygender,125.62.123.118
3748,Delcina,Humbee,dhumbeekr@geocities.com,Polygender,65.194.235.213
3749,Osbert,Philpott,ophilpottks@squarespace.com,Genderfluid,13.38.37.230
3750,Janifer,Hearse,jhearsekt@unicef.org,Bigender,20.141.182.206
3751,Jefferson,Kliment,jklimentku@webnode.com,Bigender,39.131.72.115
3752,Cammie,Adams,cadamskv@sfgate.com,Female,141.76.4.132
3753,Ysabel,Wolton,ywoltonkw@amazon.de,Male,216.20.220.100
3754,Garrard,Freemantle,gfreemantlekx@cdbaby.com,Agender,38.13.18.161
3755,Ingmar,Prop,ipropky@spiegel.de,Agender,96.60.104.111
3756,Corbet,Baselio,cbaseliokz@zdnet.com,Male,180.40.252.217
3757,Garret,Windus,gwindusl0@latimes.com,Bigender,51.138.132.96
3758,Verge,Cheeseman,vcheesemanl1@moonfruit.com,Genderfluid,70.54.103.173
3759,Noreen,Tringham,ntringhaml2@eepurl.com,Polygender,118.201.125.6
3760,Virginia,Speeks,vspeeksl3@163.com,Genderqueer,92.153.113.128
3761,Peria,Tunnick,ptunnickl4@hibu.com,Bigender,64.74.40.249
3762,Filide,Cayzer,fcayzerl5@technorati.com,Bigender,9.216.70.77
3763,Ado,Oppy,aoppyl6@skyrock.com,Genderfluid,28.183.87.16
3764,Fredric,Sneesby,fsneesbyl7@tuttocitta.it,Polygender,48.121.251.182
3765,Cirillo,Hindrich,chindrichl8@youtube.com,Polygender,135.119.28.1
3766,Frazer,Feehely,ffeehelyl9@csmonitor.com,Female,30.11.190.116
3767,Devlen,Spurman,dspurmanla@jigsy.com,Bigender,208.46.4.67
3768,Damon,Chittie,dchittielb@booking.com,Male,154.141.227.214
3769,Benedikt,Noell,bnoelllc@ca.gov,Female,112.213.239.94
3770,Greer,Meadway,gmeadwayld@icq.com,Non-binary,109.144.16.8
3771,Clair,Hutsby,chutsbyle@ovh.net,Bigender,165.7.201.70
3772,Alvan,Tarbin,atarbinlf@gmpg.org,Genderfluid,206.234.59.249
3773,Gayla,Hastelow,ghastelowlg@businessweek.com,Genderqueer,117.156.138.130
3774,Kathlin,Marriage,kmarriagelh@dagondesign.com,Genderfluid,32.191.14.225
3775,Vance,Ruller,vrullerli@delicious.com,Male,79.48.241.47
3776,Gates,Colter,gcolterlj@fastcompany.com,Female,92.78.53.117
3777,Maddie,Whyatt,mwhyattlk@oracle.com,Bigender,166.105.25.201
3778,Craggy,Shields,cshieldsll@elegantthemes.com,Male,19.75.167.25
3779,Deb,Disley,ddisleylm@360.cn,Agender,115.239.208.95
3780,Nicolina,Kneebone,nkneeboneln@spiegel.de,Genderfluid,124.217.104.241
3781,Aubrette,Stiffkins,astiffkinslo@amazon.co.jp,Polygender,172.68.133.119
3782,Noll,Moulder,nmoulderlp@artisteer.com,Genderqueer,211.245.158.213
3783,Kassey,Pimm,kpimmlq@seesaa.net,Polygender,105.21.111.231
3784,Eadie,MacTrustey,emactrusteylr@wikispaces.com,Agender,115.238.141.165
3785,Robby,Scrowston,rscrowstonls@sitemeter.com,Female,69.68.169.141
3786,Lorianne,Crisford,lcrisfordlt@cisco.com,Bigender,136.16.206.164
3787,Jayme,Lanfare,jlanfarelu@blog.com,Genderqueer,173.124.98.183
3788,Irv,Weagener,iweagenerlv@ucsd.edu,Male,225.209.94.67
3789,Sherill,Champness,schampnesslw@is.gd,Bigender,139.168.77.108
3790,Roddy,Andreone,randreonelx@mozilla.org,Polygender,65.79.52.239
3791,Alexei,Mews,amewsly@who.int,Genderqueer,84.112.148.177
3792,Jerrome,Hassan,jhassanlz@washington.edu,Genderfluid,63.13.66.121
3793,Deb,Checcucci,dcheccuccim0@nhs.uk,Female,249.65.129.207
3794,Terencio,Chese,tchesem1@ucla.edu,Bigender,233.81.189.87
3795,Scot,Ianiello,sianiellom2@bandcamp.com,Agender,19.180.158.60
3796,Winston,Jewsbury,wjewsburym3@jigsy.com,Agender,127.91.11.221
3797,Tomkin,Sandercock,tsandercockm4@aboutads.info,Female,144.194.115.253
3798,Sydney,Cosgriff,scosgriffm5@mapquest.com,Agender,135.94.156.54
3799,Drake,Cheal,dchealm6@mapy.cz,Genderqueer,5.81.175.88
3800,Perceval,Hards,phardsm7@w3.org,Bigender,107.222.219.212
3801,Ruddie,Possel,rposselm8@mlb.com,Polygender,154.72.1.38
3802,Beverie,Bugby,bbugbym9@paypal.com,Female,133.71.163.119
3803,Maurice,Yurenev,myurenevma@bravesites.com,Genderfluid,84.145.166.139
3804,Ettie,Offen,eoffenmb@discuz.net,Polygender,188.148.150.10
3805,Maisie,Keough,mkeoughmc@blogspot.com,Polygender,122.216.203.116
3806,Kelvin,Petracek,kpetracekmd@studiopress.com,Male,46.68.181.70
3807,Dari,Bakeup,dbakeupme@oaic.gov.au,Genderfluid,164.200.244.56
3808,Shaw,Willox,swilloxmf@weibo.com,Male,151.121.81.243
3809,Marris,Wilkes,mwilkesmg@apple.com,Genderqueer,246.72.18.141
3810,Chan,Coot,ccootmh@etsy.com,Genderqueer,131.106.166.14
3811,Whittaker,D'Oyly,wdoylymi@guardian.co.uk,Agender,177.86.62.169
3812,Wilbert,Defont,wdefontmj@deviantart.com,Bigender,240.232.167.59
3813,Heida,Epple,hepplemk@hostgator.com,Genderqueer,67.147.201.234
3814,Rockey,Garred,rgarredml@springer.com,Bigender,127.41.147.93
3815,Cyrillus,Sommerled,csommerledmm@nifty.com,Agender,246.14.32.180
3816,Forest,Tottie,ftottiemn@biglobe.ne.jp,Genderqueer,187.96.231.177
3817,Ilysa,Braham,ibrahammo@seattletimes.com,Polygender,86.99.77.118
3818,Melitta,Sowman,msowmanmp@jalbum.net,Agender,122.80.8.157
3819,Raoul,Feavearyear,rfeavearyearmq@indiegogo.com,Bigender,0.149.64.161
3820,Kyle,MacGraith,kmacgraithmr@nytimes.com,Bigender,201.19.242.224
3821,Kizzee,Meere,kmeerems@com.com,Bigender,214.2.45.22
3822,Kelly,Forge,kforgemt@zimbio.com,Genderqueer,174.237.75.80
3823,Rollins,MacKomb,rmackombmu@blog.com,Bigender,40.238.172.38
3824,Jess,Beringer,jberingermv@cocolog-nifty.com,Bigender,29.76.4.216
3825,Donaugh,Perroni,dperronimw@cornell.edu,Agender,98.231.192.80
3826,Candra,Jirousek,cjirousekmx@java.com,Female,107.223.166.6
3827,Laurella,Falvey,lfalveymy@scientificamerican.com,Bigender,39.187.86.194
3828,Ruprecht,Duinbleton,rduinbletonmz@biglobe.ne.jp,Female,60.217.174.231
3829,Marcelo,Denney,mdenneyn0@amazon.co.jp,Polygender,105.223.70.254
3830,Kimmi,Simison,ksimisonn1@icq.com,Genderqueer,84.28.29.67
3831,Hubie,Meedendorpe,hmeedendorpen2@purevolume.com,Agender,32.47.116.12
3832,Carrol,Rosin,crosinn3@alexa.com,Polygender,91.162.192.64
3833,Stan,McIlwraith,smcilwraithn4@miibeian.gov.cn,Bigender,44.62.130.73
3834,Pasquale,Bedingfield,pbedingfieldn5@webeden.co.uk,Agender,234.26.12.18
3835,Bernelle,Beddow,bbeddown6@auda.org.au,Male,241.106.225.44
3836,Ollie,Shorte,oshorten7@google.fr,Polygender,105.28.206.85
3837,Mic,Brookbank,mbrookbankn8@multiply.com,Genderfluid,182.186.119.181
3838,Liana,Robardley,lrobardleyn9@163.com,Genderqueer,120.36.91.109
3839,Kristin,Plant,kplantna@tmall.com,Non-binary,33.130.210.15
3840,Valeria,Melton,vmeltonnb@youtube.com,Polygender,241.233.253.224
3841,Lyndel,Bindley,lbindleync@issuu.com,Male,79.103.39.187
3842,Sanford,Dawtry,sdawtrynd@feedburner.com,Polygender,151.116.97.175
3843,Kara,Hugonet,khugonetne@sciencedaily.com,Bigender,40.68.237.227
3844,Veronike,Don,vdonnf@google.com,Genderfluid,153.232.115.254
3845,Dick,McKeney,dmckeneyng@nbcnews.com,Agender,145.142.195.144
3846,Bambi,Portch,bportchnh@com.com,Female,166.222.161.141
3847,Timmy,MacAless,tmacalessni@irs.gov,Genderqueer,25.158.203.129
3848,Jule,Braybrook,jbraybrooknj@sogou.com,Male,197.235.36.198
3849,Emelen,Dellow,edellownk@fda.gov,Genderqueer,34.89.18.115
3850,Lazarus,Daldan,ldaldannl@gravatar.com,Non-binary,153.188.149.44
3851,Marquita,Braune,mbraunenm@cornell.edu,Polygender,8.222.242.133
3852,Rudiger,Portlock,rportlocknn@printfriendly.com,Genderqueer,114.5.13.93
3853,Brent,Rafe,brafeno@dot.gov,Genderfluid,78.109.224.180
3854,Sampson,Udell,sudellnp@prnewswire.com,Male,244.124.199.46
3855,Godfry,Olek,goleknq@pbs.org,Male,157.90.250.206
3856,Ulrich,Oldcote,uoldcotenr@goodreads.com,Agender,127.168.252.85
3857,Humfried,Fobidge,hfobidgens@cbc.ca,Non-binary,18.210.243.255
3858,Haily,Sandle,hsandlent@e-recht24.de,Bigender,197.119.70.62
3859,Welbie,Pretsel,wpretselnu@arstechnica.com,Genderfluid,48.245.190.43
3860,Alon,Lorkins,alorkinsnv@unblog.fr,Bigender,179.224.142.219
3861,Trixi,Ambrogelli,tambrogellinw@kickstarter.com,Genderfluid,111.190.209.169
3862,Herculie,Raecroft,hraecroftnx@apache.org,Polygender,214.151.110.236
3863,Danika,Epinay,depinayny@xrea.com,Female,92.42.63.164
3864,Shaughn,Mailes,smailesnz@rambler.ru,Genderfluid,248.234.79.9
3865,Margaret,Syrie,msyrieo0@webs.com,Genderqueer,90.140.38.133
3866,Loni,Morde,lmordeo1@vk.com,Genderqueer,170.217.70.6
3867,Livvy,Blitz,lblitzo2@pen.io,Polygender,64.127.110.169
3868,Shel,Slucock,sslucocko3@illinois.edu,Agender,180.239.110.58
3869,Maisey,Duding,mdudingo4@delicious.com,Bigender,44.5.175.230
3870,Eugenius,Dundon,edundono5@state.tx.us,Polygender,196.22.183.113
3871,Glenna,Vasyutin,gvasyutino6@economist.com,Agender,35.163.243.240
3872,Lind,Rate,lrateo7@1688.com,Polygender,69.132.182.73
3873,Delaney,Cowle,dcowleo8@fda.gov,Female,72.148.172.74
3874,Bondy,Hannan,bhannano9@artisteer.com,Genderqueer,171.168.124.205
3875,Thaddeus,Leaney,tleaneyoa@liveinternet.ru,Male,108.213.239.184
3876,Brunhilda,De la Eglise,bdelaegliseob@t.co,Bigender,244.84.22.159
3877,Goldy,Pirrie,gpirrieoc@indiegogo.com,Female,183.24.164.112
3878,Egan,Siege,esiegeod@ask.com,Female,133.15.83.62
3879,Heinrik,Allicock,hallicockoe@mashable.com,Genderfluid,111.114.132.130
3880,Waverley,McCorkindale,wmccorkindaleof@usa.gov,Agender,212.151.80.85
3881,Marsha,Rannells,mrannellsog@opera.com,Genderfluid,58.194.105.106
3882,Josie,Insley,jinsleyoh@xing.com,Genderfluid,163.167.175.14
3883,Jermaine,Graser,jgraseroi@ft.com,Female,9.68.61.150
3884,Jorgan,Iveans,jiveansoj@businessweek.com,Male,107.132.10.172
3885,Bethena,Mackerness,bmackernessok@stanford.edu,Male,229.201.231.96
3886,Maribelle,Dymoke,mdymokeol@woothemes.com,Polygender,5.153.11.28
3887,Herold,Osman,hosmanom@admin.ch,Female,7.89.85.100
3888,Myron,Deal,mdealon@typepad.com,Polygender,54.251.253.45
3889,Duffie,Candlish,dcandlishoo@wordpress.org,Male,153.255.74.174
3890,Artie,Brookes,abrookesop@bigcartel.com,Male,196.0.235.79
3891,Julian,Tailby,jtailbyoq@pbs.org,Male,127.95.13.132
3892,Clint,Yakebovich,cyakebovichor@army.mil,Genderfluid,34.68.246.44
3893,Ellary,Gallacher,egallacheros@topsy.com,Agender,40.78.123.167
3894,Bria,Neil,bneilot@so-net.ne.jp,Bigender,230.190.43.253
3895,Liliane,Delgua,ldelguaou@timesonline.co.uk,Male,157.248.193.96
3896,Lydie,Cicculi,lcicculiov@dyndns.org,Polygender,247.167.38.102
3897,Giulio,Matashkin,gmatashkinow@meetup.com,Genderqueer,242.167.206.61
3898,Eleen,Braxton,ebraxtonox@who.int,Genderqueer,247.24.50.221
3899,Haskel,Giocannoni,hgiocannonioy@deliciousdays.com,Genderfluid,30.229.80.6
3900,Lief,Braden,lbradenoz@icio.us,Genderfluid,121.150.58.39
3901,Kaleb,Vicker,kvickerp0@cdbaby.com,Genderqueer,175.13.155.6
3902,Margy,Galfour,mgalfourp1@xinhuanet.com,Female,204.23.77.94
3903,Rivi,Haddock,rhaddockp2@europa.eu,Male,138.3.222.36
3904,Steven,Markwelley,smarkwelleyp3@theguardian.com,Genderfluid,207.103.74.100
3905,Richie,Strangward,rstrangwardp4@unesco.org,Male,49.129.16.171
3906,Daryl,Sedwick,dsedwickp5@npr.org,Polygender,180.43.65.95
3907,Bert,Neathway,bneathwayp6@wikipedia.org,Genderqueer,121.56.196.94
3908,Jenifer,Gowan,jgowanp7@jigsy.com,Female,89.65.244.98
3909,Jere,Hennemann,jhennemannp8@php.net,Polygender,160.163.165.83
3910,Serena,Hammel,shammelp9@epa.gov,Agender,168.198.182.46
3911,Shalna,Lamont,slamontpa@example.com,Polygender,236.227.189.68
3912,Karleen,Alekhov,kalekhovpb@house.gov,Polygender,102.76.149.252
3913,Tracey,Wakley,twakleypc@purevolume.com,Non-binary,196.228.176.242
3914,Marysa,Biddy,mbiddypd@prweb.com,Polygender,231.149.110.30
3915,Ketti,Penhale,kpenhalepe@opera.com,Polygender,207.102.80.91
3916,Harcourt,Casaro,hcasaropf@gravatar.com,Male,102.66.7.96
3917,Zelma,Stollenbecker,zstollenbeckerpg@hibu.com,Female,43.177.84.169
3918,Temp,Huntly,thuntlyph@tinypic.com,Agender,4.161.218.153
3919,Poppy,Venn,pvennpi@shutterfly.com,Male,29.89.169.122
3920,Ruprecht,Lott,rlottpj@mac.com,Polygender,118.212.200.32
3921,Glenine,Waddell,gwaddellpk@reuters.com,Polygender,112.224.251.141
3922,Hobie,Breydin,hbreydinpl@photobucket.com,Genderqueer,208.112.195.95
3923,Cherise,Dalziell,cdalziellpm@washington.edu,Female,156.108.130.122
3924,Mack,de Keep,mdekeeppn@mtv.com,Female,132.231.60.67
3925,Wilie,Lackeye,wlackeyepo@homestead.com,Bigender,142.13.17.71
3926,Napoleon,Kerbler,nkerblerpp@ustream.tv,Male,160.2.97.88
3927,Stern,Trunby,strunbypq@engadget.com,Female,224.76.91.131
3928,Willette,Lavalde,wlavaldepr@symantec.com,Genderqueer,167.176.40.219
3929,Emmott,Denis,edenisps@tinypic.com,Genderqueer,100.148.96.232
3930,Gabi,Cowdery,gcowderypt@google.com.au,Non-binary,187.179.186.233
3931,Carolyn,Leason,cleasonpu@techcrunch.com,Genderfluid,53.111.120.127
3932,Marya,Chomicki,mchomickipv@lycos.com,Male,48.105.148.114
3933,Lambert,Noon,lnoonpw@purevolume.com,Genderfluid,177.239.102.208
3934,Kelly,Lubbock,klubbockpx@lulu.com,Bigender,239.31.194.105
3935,Carena,Daveren,cdaverenpy@buzzfeed.com,Non-binary,187.14.129.242
3936,Siusan,Pietrasik,spietrasikpz@nyu.edu,Female,177.32.31.107
3937,Damian,Dallow,ddallowq0@studiopress.com,Genderfluid,56.186.7.122
3938,Burlie,Kincaid,bkincaidq1@infoseek.co.jp,Female,195.149.163.62
3939,Corny,Ansteys,cansteysq2@columbia.edu,Agender,55.12.88.21
3940,Everett,Essery,eesseryq3@about.me,Male,227.110.26.2
3941,Dominick,Pithie,dpithieq4@hibu.com,Bigender,53.104.169.119
3942,Lee,McCrie,lmccrieq5@sciencedirect.com,Male,37.201.219.44
3943,Jan,Dysert,jdysertq6@nasa.gov,Female,113.18.215.56
3944,Emmy,Eastlake,eeastlakeq7@addthis.com,Genderfluid,11.98.220.225
3945,Alon,Orpyne,aorpyneq8@google.es,Polygender,182.128.104.145
3946,Trumann,Linham,tlinhamq9@columbia.edu,Genderqueer,110.84.157.42
3947,Jessalyn,Muat,jmuatqa@plala.or.jp,Male,249.30.25.255
3948,Abe,Eakle,aeakleqb@msn.com,Genderfluid,190.116.235.247
3949,Adolphus,Brewerton,abrewertonqc@earthlink.net,Genderqueer,180.62.4.242
3950,Dosi,Stallon,dstallonqd@google.com.br,Non-binary,114.151.33.164
3951,Tommy,Hallmark,thallmarkqe@webeden.co.uk,Genderqueer,99.188.202.230
3952,Nicoli,Balkwill,nbalkwillqf@zdnet.com,Polygender,75.229.237.161
3953,Nomi,Wasling,nwaslingqg@vinaora.com,Agender,35.128.64.139
3954,Falkner,Casino,fcasinoqh@goo.ne.jp,Polygender,114.40.185.0
3955,Lesli,Hardistry,lhardistryqi@booking.com,Female,111.8.30.29
3956,Stewart,St Ledger,sstledgerqj@reuters.com,Agender,62.125.158.20
3957,Maxy,Frackiewicz,mfrackiewiczqk@marketwatch.com,Non-binary,180.64.150.134
3958,Hartley,Couling,hcoulingql@sciencedirect.com,Bigender,64.70.218.167
3959,Kelila,Lackney,klackneyqm@oaic.gov.au,Genderqueer,141.108.233.215
3960,Ellis,Loude,eloudeqn@kickstarter.com,Polygender,59.148.35.38
3961,Lawry,Stear,lstearqo@smugmug.com,Non-binary,13.212.231.124
3962,Melvyn,Witheford,mwithefordqp@sogou.com,Polygender,165.109.146.228
3963,Dede,Tellenbrok,dtellenbrokqq@ca.gov,Non-binary,117.172.53.124
3964,Izaak,Daventry,idaventryqr@aboutads.info,Female,94.239.18.233
3965,Micki,Rodrig,mrodrigqs@theglobeandmail.com,Polygender,78.245.107.58
3966,Zitella,Scrancher,zscrancherqt@ocn.ne.jp,Agender,16.47.108.128
3967,Jsandye,Rathborne,jrathbornequ@instagram.com,Bigender,113.162.93.60
3968,Jedd,Dormon,jdormonqv@yellowpages.com,Bigender,204.152.135.194
3969,Gabby,Chate,gchateqw@amazon.co.jp,Agender,63.232.94.159
3970,Briny,Fumagalli,bfumagalliqx@mac.com,Non-binary,153.113.63.207
3971,Vivianne,Dubbin,vdubbinqy@cisco.com,Male,32.63.12.110
3972,Henry,Mardell,hmardellqz@independent.co.uk,Agender,215.10.32.41
3973,Phillida,Brum,pbrumr0@microsoft.com,Genderfluid,201.182.98.28
3974,Toby,Moniker,tmonikerr1@zdnet.com,Genderfluid,237.174.178.144
3975,Mace,Witt,mwittr2@tiny.cc,Male,148.229.63.240
3976,Frayda,Culbard,fculbardr3@acquirethisname.com,Polygender,39.231.49.250
3977,Tabatha,Egiloff,tegiloffr4@adobe.com,Female,34.119.249.42
3978,Chaddy,Folkes,cfolkesr5@nyu.edu,Genderqueer,203.189.57.109
3979,Mordecai,Hufton,mhuftonr6@yolasite.com,Genderqueer,210.4.131.231
3980,Ave,Sherville,asherviller7@paypal.com,Genderqueer,139.85.44.21
3981,Matteo,Willacot,mwillacotr8@technorati.com,Non-binary,144.60.137.195
3982,Ardella,Khan,akhanr9@phpbb.com,Polygender,183.158.205.200
3983,Kipp,Cornelis,kcornelisra@hud.gov,Bigender,154.24.73.33
3984,Cherida,Shirtliff,cshirtliffrb@infoseek.co.jp,Genderfluid,22.242.155.95
3985,Dorri,Pearlman,dpearlmanrc@bbc.co.uk,Bigender,236.230.143.213
3986,Tait,Tolworthie,ttolworthierd@samsung.com,Polygender,49.138.176.188
3987,Fin,Wemyss,fwemyssre@qq.com,Non-binary,68.35.110.170
3988,Gabie,Langan,glanganrf@spiegel.de,Genderfluid,71.75.118.75
3989,Guillemette,Simla,gsimlarg@si.edu,Genderqueer,239.57.28.16
3990,Priscilla,Goldman,pgoldmanrh@cmu.edu,Male,214.194.102.204
3991,Siffre,Jinkinson,sjinkinsonri@plala.or.jp,Non-binary,136.73.18.173
3992,Ulrich,Hubberstey,uhubbersteyrj@google.fr,Genderfluid,201.4.117.60
3993,Cecilius,Forri,cforrirk@ftc.gov,Female,79.123.171.232
3994,Garvy,Monson,gmonsonrl@hibu.com,Female,122.151.229.240
3995,Noelani,Barton,nbartonrm@phpbb.com,Polygender,21.214.161.40
3996,Juline,Tenman,jtenmanrn@amazon.co.jp,Non-binary,195.201.218.82
3997,Analise,Matuszinski,amatuszinskiro@biglobe.ne.jp,Polygender,38.159.134.2
3998,Genovera,Milne,gmilnerp@wikispaces.com,Agender,196.90.128.206
3999,Vivianne,Skelton,vskeltonrq@surveymonkey.com,Non-binary,247.191.66.251
4000,Neile,MacFadzan,nmacfadzanrr@php.net,Genderfluid,151.232.231.79
